session_id,participant_id,status,started_datetime,completed_date_time,time_taken,age,num_approvals,num_rejections,prolific_score,reviewed_at_datetime,entered_code,Country of Birth,Current Country of Residence,Employment Status,First Language,Nationality,Sex,Student Status
606cfd513bf0a345e0f3a8d4,606be651a89a7baf6141e8b9,RETURNED,2021-04-07 00:31:16.706000,,145101.740293,24,12,0,100,,,CONSENT REVOKED,CONSENT REVOKED,CONSENT REVOKED,CONSENT REVOKED,CONSENT REVOKED,CONSENT REVOKED,CONSENT REVOKED
606cff96d699f803ebc3d538,5efbc4e26529bc16ab7711d1,AWAITING REVIEW,2021-04-07 00:40:57.534000,2021-04-07 01:40:40.018000,3582.484,20,128,1,100,,NOCODE,United States,United States,DATA EXPIRED,DATA EXPIRED,United States,Female,Yes
606cfff2d956c046c1cc0ffa,5f9f96c7ea7f965f92f5d488,AWAITING REVIEW,2021-04-07 00:42:28.898000,2021-04-07 01:29:35.132000,2826.234,23,216,1,100,,NOCODE,United States,United States,Unemployed (and job seeking),DATA EXPIRED,United States,Female,No
606d0034f4a71dbd7320675c,5f248a2f46a10507b20d9f17,AWAITING REVIEW,2021-04-07 00:43:41.683000,2021-04-07 01:13:37.374000,1795.691,24,152,1,100,,NOCODE,United States,United States,Part-Time,English,United States,Male,Yes
606d01729127ef58ceffebc1,5c7878854855980015a14a3c,AWAITING REVIEW,2021-04-07 00:56:26.460000,2021-04-07 01:44:29.661000,2883.201,22,764,3,100,,4A526F60,United Kingdom,Mexico,Part-Time,English,United States,Female,No
606d0350ffbfd0d260209112,5e6059d3ac8ca53ac1da480e,AWAITING REVIEW,2021-04-07 00:58:34.371000,2021-04-07 02:06:52.744000,4098.373,22,545,3,99,,4A526F60,United States,South Africa,Full-Time,English,United States,Male,Yes
606d04d6ce49c91d1a7236ac,5eccc23ef7f5db8a46167945,RETURNED,2021-04-07 01:03:21.016000,,143177.502907,24,188,1,100,,,CONSENT REVOKED,CONSENT REVOKED,CONSENT REVOKED,CONSENT REVOKED,CONSENT REVOKED,CONSENT REVOKED,CONSENT REVOKED
606d058ea4d691333b2435c2,5e217a34e8ff3a469b5dfebc,AWAITING REVIEW,2021-04-07 01:06:27.776000,2021-04-07 01:56:09.188000,2981.412,23,403,4,99,,NOCODE,United States,United States,Full-Time,English,United States,Female,No
606d0629fb7c1d36b36ad460,5e7bc5a6b7838b1fb6f799c5,AWAITING REVIEW,2021-04-07 01:09:03.088000,2021-04-07 02:01:31.140000,3148.052,25,69,0,100,,NOCODE,United States,United States,Part-Time,English,United States,Female,No
606d07149a083f298177330b,5bef84ed4cdbdf000196a3f7,RETURNED,2021-04-07 01:12:54.760000,,142603.784118,19,127,1,100,,,CONSENT REVOKED,CONSENT REVOKED,CONSENT REVOKED,CONSENT REVOKED,CONSENT REVOKED,CONSENT REVOKED,CONSENT REVOKED
606d085260f05e4ef7c49d92,5c4bc384b4f50700015dd0a3,RETURNED,2021-04-07 01:18:12.588000,,142285.956232,20,300,2,100,,,CONSENT REVOKED,CONSENT REVOKED,CONSENT REVOKED,CONSENT REVOKED,CONSENT REVOKED,CONSENT REVOKED,CONSENT REVOKED
606d09456334760b541ef6f1,606925af4f008db88aad9e0a,AWAITING REVIEW,2021-04-07 01:22:19.927000,2021-04-07 01:46:27.400000,1447.473,21,5,0,100,,4A526F60,Guatemala,,Part-Time,,United States,Female,Yes
606d098971cf02093e5941d6,583236a96451d40001160ed4,AWAITING REVIEW,2021-04-07 01:23:24.508000,2021-04-07 02:25:38.013000,3733.505,23,439,3,100,,4A526F60,United States,United States,Other,English,United States,Male,No
606d09a4574abd52c4ab1f8b,5f5ba9957732a2311f55ee83,AWAITING REVIEW,2021-04-07 01:23:52.106000,2021-04-07 02:12:44.958000,2932.852,24,125,0,100,,NOCODE,United States,United States,Unemployed (and job seeking),DATA EXPIRED,United States,Female,No
606d09d01c6eae5d496377a9,603d6e7ca3d28fcafe3211c6,AWAITING REVIEW,2021-04-07 01:24:57.818000,2021-04-07 02:34:48.543000,4190.725,22,96,0,100,,4A526F60,United States,United States,"Not in paid work (e.g. homemaker', 'retired or disabled)",DATA EXPIRED,United States,Female,No
606d09ecf489a7ece953b0a3,5fc0924bbb0f2402cf6618c9,AWAITING REVIEW,2021-04-07 01:25:18.612000,2021-04-07 02:34:59.491000,4180.879,23,164,1,100,,NOCODE,United States,United States,DATA EXPIRED,DATA EXPIRED,United States,Male,No
606d0a15f9b8e2c5a0a5dcbd,5f13ea64399eaf40ff6c1b90,AWAITING REVIEW,2021-04-07 01:25:44.312000,2021-04-07 02:58:24.979000,5560.667,20,198,1,100,,4A526F60,United States,United States,Part-Time,English,United States,Male,No
606d0ad959630a3b61c31010,5f810b88592c911b7d9accef,AWAITING REVIEW,2021-04-07 01:28:57.040000,2021-04-07 02:15:17.792000,2780.752,18,403,0,100,,4A526F60,United States,United States,Other,DATA EXPIRED,United States,Female,Yes
606d0b4f0baefe29bf5514bd,6064d4660d63196f116b1e4b,AWAITING REVIEW,2021-04-07 01:30:59.089000,2021-04-07 03:26:08.228000,6909.139,23,19,0,100,,4A526F60,United States,United States,Part-Time,,United States,Female,No
606d0babefc6d9dd8a7de589,5e83d36b6d7daf107aea7a7c,AWAITING REVIEW,2021-04-07 01:32:47.578000,2021-04-07 02:47:54.178000,4506.6,20,477,1,100,,4A526F60,United States,United States,Other,English,United States,Female,Yes
606d0bf5eac31a1901a78ae6,5f4ec62d49080310fb698ffc,AWAITING REVIEW,2021-04-07 01:33:49.084000,2021-04-07 02:27:54.956000,3245.872,19,18,0,100,,4A526F60,United States,United States,Unemployed (and job seeking),,United States,Male,Yes
606d0c12c493b8f1c5b56ed8,5e714946623963000892c179,RETURNED,2021-04-07 01:44:10.560000,,140728.115606,19,298,1,100,,,CONSENT REVOKED,CONSENT REVOKED,CONSENT REVOKED,CONSENT REVOKED,CONSENT REVOKED,CONSENT REVOKED,CONSENT REVOKED
606d0d18d1090fd89f133ed6,5de58675c3bd2850ab72ce29,AWAITING REVIEW,2021-04-07 01:41:39.910000,2021-04-07 02:50:40.324000,4140.414,26,124,0,100,,4A526F60,United States,United States,Full-Time,English,United States,Male,Yes
606d0d5dd2180127456e9751,5ed494f67d597433ade49e45,AWAITING REVIEW,2021-04-07 01:39:43.222000,2021-04-07 02:25:09.681000,2726.459,24,265,0,100,,4A526F60,United States,United States,Part-Time,English,United States,Male,Yes
606d0e054e98f3110b298882,5d96eeed1998fb00177f6b71,RETURNED,2021-04-07 01:53:00.067000,,140198.648191,23,931,5,100,,,CONSENT REVOKED,CONSENT REVOKED,CONSENT REVOKED,CONSENT REVOKED,CONSENT REVOKED,CONSENT REVOKED,CONSENT REVOKED
606d106e49af40d6d1d25244,5f117a19d614293b07fdb9cf,AWAITING REVIEW,2021-04-07 01:52:48.685000,2021-04-07 02:59:47.382000,4018.697,18,158,0,100,,4A526F60,United States,United States,Other,English,United States,Male,Yes
606d111b66962ee4ce4472d4,5ebca40606c6fe000da5f510,AWAITING REVIEW,2021-04-07 01:55:44.488000,2021-04-07 02:50:43.420000,3298.932,22,537,3,100,,4A526F60,United States,United States,Part-Time,English,United States,Male,Yes
606d1205daac65d2d78c54d9,5a94579a89de8200013ec36e,AWAITING REVIEW,2021-04-07 01:59:37.314000,2021-04-07 03:00:51.475000,3674.161,22,706,1,100,,4A526F60,United States,United States,Unemployed (and job seeking),English,United States,Female,Yes
606d1373e9ca8d1605a49bde,6050e3a1d25f7483a5a04eba,AWAITING REVIEW,2021-04-07 02:05:42.870000,2021-04-07 02:50:29.686000,2686.816,24,15,0,100,,4A526F60,United States,United States,Unemployed (and job seeking),,United States,Female,Yes
606d13dd9925df3d306002e9,5e633e2561c4390cca501a3f,AWAITING REVIEW,2021-04-07 02:07:44.791000,2021-04-07 03:13:57.659000,3972.868,22,144,2,98,,4A526F60,United States,United States,Part-Time,DATA EXPIRED,United States,Male,No
606d1403fba51792111110c7,60218e476e5dd51a640a61bc,AWAITING REVIEW,2021-04-07 02:08:05.624000,2021-04-07 03:12:11.974000,3846.35,19,69,0,100,,NOCODE,United States,United States,"Not in paid work (e.g. homemaker', 'retired or disabled)",,United States,Female,Yes
606d14181cbdad2d6b78511d,60654ed5fed31eb8e64b2a3c,RETURNED,2021-04-07 02:08:31.950000,,139266.846446,22,14,0,100,,,CONSENT REVOKED,CONSENT REVOKED,CONSENT REVOKED,CONSENT REVOKED,CONSENT REVOKED,CONSENT REVOKED,CONSENT REVOKED
606d1425eb466effdddfa28b,5ef79ef9ff94730c1563c045,RETURNED,2021-04-07 02:08:40.179000,,139258.617559,20,101,1,100,,,CONSENT REVOKED,CONSENT REVOKED,CONSENT REVOKED,CONSENT REVOKED,CONSENT REVOKED,CONSENT REVOKED,CONSENT REVOKED
606d14b282b7ae3b2dda0af1,5ed9bd075540a656621f4401,AWAITING REVIEW,2021-04-07 02:11:01.512000,2021-04-07 03:12:26.082000,3684.57,23,541,3,99,,NOCODE,United States,United States,Part-Time,English,United States,Female,No
606d160ebf9fb31ac0c7ad5c,600a3e38548d451a23b7699d,AWAITING REVIEW,2021-04-07 02:16:49.365000,2021-04-07 02:45:04.804000,1695.439,18,165,1,100,,4A526F60,United States,United States,Unemployed (and job seeking),DATA EXPIRED,United States,Female,No
606d1647effa751a5ae7c3d0,602e030cc083e38fcb6b2b65,RETURNED,2021-04-07 02:17:49.067000,,138709.755926,21,71,1,100,,,CONSENT REVOKED,CONSENT REVOKED,CONSENT REVOKED,CONSENT REVOKED,CONSENT REVOKED,CONSENT REVOKED,CONSENT REVOKED
606d16737eb8f0ad15a84ee4,5ed856ab1f4a23368be98b1a,AWAITING REVIEW,2021-04-07 02:18:36.033000,2021-04-07 03:08:00.681000,2964.648,20,474,0,100,,4A526F60,United States,United States,Part-Time,English,United States,Female,Yes
606d171d0a976b4e95b043d1,5c80321274a33f0001e9087f,AWAITING REVIEW,2021-04-07 02:23:17.890000,2021-04-07 04:02:40.433000,5962.543,20,761,1,100,,4A526F60,United States,Mexico,Due to start a new job within the next month,English,United States,Female,Yes
606d1778110bc0a8344cc975,5ee517175fd9cf23b3b7b7ec,RETURNED,2021-04-07 02:32:48.274000,,137810.579349,25,852,6,100,,,CONSENT REVOKED,CONSENT REVOKED,CONSENT REVOKED,CONSENT REVOKED,CONSENT REVOKED,CONSENT REVOKED,CONSENT REVOKED
606d1826a2fbccad676d15da,603b2f67a0efdd74faf90ec5,AWAITING REVIEW,2021-04-07 02:25:47.828000,2021-04-07 03:15:41.893000,2994.065,25,135,0,100,,4A526F60,United States,United States,Unemployed (and job seeking),DATA EXPIRED,United States,Female,Yes
606d186029132dfd8481ef3a,5ee0c244c68c754255de45dc,AWAITING REVIEW,2021-04-07 02:26:40.878000,2021-04-07 03:21:17.848000,3276.97,20,471,0,100,,4A526F60,United States,Poland,Full-Time,Polish,United States,Male,No
606d18771ce7bf09d0c75e31,5f7e6f9c1212c514f9437e3a,AWAITING REVIEW,2021-04-07 02:27:07.322000,2021-04-07 03:46:32.616000,4765.294,18,387,1,100,,4A526F60,United States,United States,Unemployed (and job seeking),DATA EXPIRED,United States,Male,No
606d18c199d6effb7bf3f2e3,5d4a3ff17df55600014ddbd1,AWAITING REVIEW,2021-04-07 02:28:42.985000,2021-04-07 03:21:48.038000,3185.053,23,279,0,100,,4A526F60,United States,United States,DATA EXPIRED,DATA EXPIRED,United States,Male,DATA EXPIRED
606d18ed866863d34b6f3cdb,54af2a48fdf99b09c01b3801,AWAITING REVIEW,2021-04-07 02:29:03.742000,2021-04-07 03:18:05.211000,2941.469,25,905,8,98,,NOCODE,United States,United States,Unemployed (and job seeking),English,United States,Female,No
606d18efbf9fb31ac0c7ad61,5e8cfdc6ef455e0bb5293900,AWAITING REVIEW,2021-04-07 02:29:14.899000,2021-04-07 03:25:30.924000,3376.025,25,263,1,100,,4A526F60,United States,Mexico,Full-Time,Spanish,United States,Male,Yes
606d1910df42014a78a7536f,5f1273feb9ddf60dd2781b2f,RETURNED,2021-04-07 02:29:38.277000,,138000.642437,20,122,0,100,,,CONSENT REVOKED,CONSENT REVOKED,CONSENT REVOKED,CONSENT REVOKED,CONSENT REVOKED,CONSENT REVOKED,CONSENT REVOKED
606d193608068e1b41a0e5c3,5f90e2ba0e7eef1fdbf5b17b,RETURNED,2021-04-07 02:30:16.638000,,137962.28152,18,457,2,100,,,CONSENT REVOKED,CONSENT REVOKED,CONSENT REVOKED,CONSENT REVOKED,CONSENT REVOKED,CONSENT REVOKED,CONSENT REVOKED
606d1939fa45b40895cfe249,5c1942e200849900010afdcd,AWAITING REVIEW,2021-04-07 02:30:26.595000,2021-04-07 03:27:58.386000,3451.791,22,862,2,100,,4A526F60,United States,United States,Full-Time,English,United States,Male,Yes
606d1941e153e4f702493f3c,6031530adab92a07df585559,RETURNED,2021-04-07 02:30:28.527000,,137950.405444,24,113,0,100,,,CONSENT REVOKED,CONSENT REVOKED,CONSENT REVOKED,CONSENT REVOKED,CONSENT REVOKED,CONSENT REVOKED,CONSENT REVOKED
606d1946dff74f30d649f51e,5deb05909f631c23193bbffd,AWAITING REVIEW,2021-04-07 02:30:33.028000,2021-04-07 03:19:04.157000,2911.129,23,358,3,99,,NOCODE,United States,United States,Full-Time,English,United States,Male,No
606d1957b08a37c0d54fe04d,5f2cc8cebc4bd01d61151550,AWAITING REVIEW,2021-04-07 02:30:49.450000,2021-04-07 03:14:52.836000,2643.386,18,511,2,100,,4A526F60,United States,United States,Unemployed (and job seeking),Vietnamese,United States,Female,Yes
606d1966c3df0eb05cb17c4d,601abc98d4fb232d2da05409,RETURNED,2021-04-07 02:31:03.623000,,137915.334772,20,157,1,100,,,CONSENT REVOKED,CONSENT REVOKED,CONSENT REVOKED,CONSENT REVOKED,CONSENT REVOKED,CONSENT REVOKED,CONSENT REVOKED
606d199049437aa1364da9cf,5f63d462fb4c4713b69d4bb7,AWAITING REVIEW,2021-04-07 02:33:40.850000,2021-04-07 03:31:54.527000,3493.677,24,448,2,100,,4A526F60,United States,United States,Part-Time,DATA EXPIRED,United States,Male,No
606d19e7db2b332589b582dd,5f1611b74f568f177ca351c4,RETURNED,2021-04-07 02:37:48.096000,,137510.874833,18,465,3,99,,,CONSENT REVOKED,CONSENT REVOKED,CONSENT REVOKED,CONSENT REVOKED,CONSENT REVOKED,CONSENT REVOKED,CONSENT REVOKED
606d19ef386e411c014103e4,6001d2a36c91490694873136,AWAITING REVIEW,2021-04-07 02:33:22.899000,2021-04-07 03:21:52.359000,2909.46,21,145,1,100,,4A526F60,United States,United States,Part-Time,,United States,Male,Yes
606d1a00effa751a5ae7c3da,5f59196cdfe283117d6e909e,AWAITING REVIEW,2021-04-07 02:33:36.232000,2021-04-07 03:23:28.746000,2992.514,21,380,0,100,,4A526F60,United States,United States,Other,DATA EXPIRED,United States,Female,Yes
606d1a08f2f1bf9c1dad65c7,5b0ca34130d562000155582e,AWAITING REVIEW,2021-04-07 02:37:16.039000,2021-04-07 03:40:12.007000,3775.968,23,857,6,99,,NOCODE,United States,United States,Unemployed (and job seeking),English,United States,Male,Yes
606d1a11548516e758276964,5f5d683018ad6816b6095e4f,AWAITING REVIEW,2021-04-07 02:33:55.689000,2021-04-07 03:31:07.734000,3432.045,24,162,0,100,,4A526F60,United States,Portugal,Unemployed (and job seeking),DATA EXPIRED,United States,Male,No
606d1a13bea691f9a65e3e30,60443486c529524b49786390,RETURNED,2021-04-07 02:33:59.191000,,137739.846683,22,109,0,100,,,CONSENT REVOKED,CONSENT REVOKED,CONSENT REVOKED,CONSENT REVOKED,CONSENT REVOKED,CONSENT REVOKED,CONSENT REVOKED
606d1a1d78330edb7a4eae40,60616774d9d9258919fe1946,AWAITING REVIEW,2021-04-07 02:34:05.652000,2021-04-07 04:12:42.965000,5917.313,19,47,1,99,,NOCODE,United States,United States,Part-Time,DATA EXPIRED,United States,Male,Yes
606d1a3fc8a8e1f8029fab6c,5f7058deeb83ab60bb836eae,AWAITING REVIEW,2021-04-07 02:34:39.376000,2021-04-07 03:21:26.937000,2807.561,20,459,2,100,,4A526F60,United States,United States,Unemployed (and job seeking),DATA EXPIRED,United States,Female,Yes
606d1a6751abef2143124bbb,5fdbd0c98929f00b48b7a9a3,RETURNED,2021-04-07 02:35:18.919000,,137660.141332,23,184,1,100,,,CONSENT REVOKED,CONSENT REVOKED,CONSENT REVOKED,CONSENT REVOKED,CONSENT REVOKED,CONSENT REVOKED,CONSENT REVOKED
606d1a7608551e0d43c520d1,5f12749ec1ac141c20bf38ab,AWAITING REVIEW,2021-04-07 02:35:34.763000,2021-04-07 03:44:34.913000,4140.15,19,479,0,100,,4A526F60,Canada,United States,Unemployed (and job seeking),English,United States,Female,Yes
606d1a85aeef049c936b0907,604696d21c4a1e0d5881548a,AWAITING REVIEW,2021-04-07 02:35:50.928000,2021-04-07 03:30:47.282000,3296.354,19,53,0,100,,NOCODE,United States,United States,Other,DATA EXPIRED,United States,Male,Yes
606d1aacc3c55e62a902db82,605e42cc59833acecfd3f301,AWAITING REVIEW,2021-04-07 02:36:32.705000,2021-04-07 03:35:35.496000,3542.791,25,50,0,100,,4A526F60,United States,United States,"Not in paid work (e.g. homemaker', 'retired or disabled)",DATA EXPIRED,United States,Female,No
606d1ab552f793ea76a7a0f9,5ecb0bb39b4189656f60872b,AWAITING REVIEW,2021-04-07 02:41:57.577000,2021-04-07 03:35:20.182000,3202.605,21,625,0,100,,4A526F60,United States,United States,Part-Time,English,United States,Female,Yes
606d1abd4308e5cf09e9efb6,6057b12ff610232fc617bb69,AWAITING REVIEW,2021-04-07 02:36:47.232000,2021-04-07 02:58:38.060000,1310.828,19,30,0,100,,NOCODE,United States,United States,Part-Time,DATA EXPIRED,United States,Female,Yes
606d1acb63d0e98b04e89d23,5f8120ed0c4ed61e386b4302,RETURNED,2021-04-07 02:37:02.162000,,137556.972861,24,444,0,100,,,CONSENT REVOKED,CONSENT REVOKED,CONSENT REVOKED,CONSENT REVOKED,CONSENT REVOKED,CONSENT REVOKED,CONSENT REVOKED
606d1aefa5fe29102b006d89,605f5e75af91a54f974d9cf2,RETURNED,2021-04-07 02:37:38.161000,,137520.973971,21,44,0,100,,,CONSENT REVOKED,CONSENT REVOKED,CONSENT REVOKED,CONSENT REVOKED,CONSENT REVOKED,CONSENT REVOKED,CONSENT REVOKED
606d1b220a976b4e95b043dd,5c565e4ae66e510001ee8fce,AWAITING REVIEW,2021-04-07 02:38:30.252000,2021-04-07 03:37:45.626000,3555.374,25,1052,8,98,,4A526F60,United States,United States,Due to start a new job within the next month,English,United States,Female,Yes
606d1b3da1a3ffba73e6af22,5d168a41d9ef120017ab26b0,RETURNED,2021-04-07 02:38:55.400000,,137443.748637,25,275,1,100,,,CONSENT REVOKED,CONSENT REVOKED,CONSENT REVOKED,CONSENT REVOKED,CONSENT REVOKED,CONSENT REVOKED,CONSENT REVOKED
606d1b4190cf3da35d9bf707,5f081d1c3f66b445d217bbb9,AWAITING REVIEW,2021-04-07 02:47:01.228000,2021-04-07 04:17:37.330000,5436.102,19,419,4,99,,4A526F60,United States,United States,Part-Time,Urdu,United States,Female,Yes
606d1b444f794f9b9986a650,5eeabb4143299b1e176fb83e,RETURNED,2021-04-07 02:39:04.175000,,137434.985548,22,686,1,100,,,CONSENT REVOKED,CONSENT REVOKED,CONSENT REVOKED,CONSENT REVOKED,CONSENT REVOKED,CONSENT REVOKED,CONSENT REVOKED
606d1b657b260dee7dc2e223,600c3d125bb49925d7d95f53,AWAITING REVIEW,2021-04-07 02:39:32.895000,2021-04-07 03:55:51.536000,4578.641,18,196,0,100,,4A526F60,United States,United States,Unemployed (and job seeking),DATA EXPIRED,United States,Male,Yes
606d1b96110bc0a8344cc985,6028db0f6150ab440f4050bd,AWAITING REVIEW,2021-04-07 02:40:22.798000,2021-04-07 03:48:32.210000,4089.412,25,191,1,100,,4A526F60,United States,United States,Part-Time,DATA EXPIRED,United States,Male,Yes
606d1ba8b90db3328ae73623,604915b55a0801e6db049b15,AWAITING REVIEW,2021-04-07 02:40:45.787000,2021-04-07 03:16:32.627000,2146.84,21,99,1,100,,NOCODE,United States,United States,Other,DATA EXPIRED,United States,Male,Yes
606d1bce8310784c519a75e1,5e06ecd524f9390991997bb7,AWAITING REVIEW,2021-04-07 02:41:28.149000,2021-04-07 03:48:55.629000,4047.48,25,837,2,100,,4A526F60,United States,United States,Full-Time,English,United States,Female,No
606d1be1e9833ad10d4791f3,5fe282019f4b9ee83eb61fc3,RETURNED,2021-04-07 02:41:40.782000,,137278.440279,25,213,1,100,,,CONSENT REVOKED,CONSENT REVOKED,CONSENT REVOKED,CONSENT REVOKED,CONSENT REVOKED,CONSENT REVOKED,CONSENT REVOKED
606d1c192fd6eab1a0047cff,5f5ab8a355bc9f1c0e60eb83,AWAITING REVIEW,2021-04-07 02:42:35.733000,2021-04-07 03:33:21.967000,3046.234,19,315,4,98,,4A526F60,China,United States,DATA EXPIRED,DATA EXPIRED,United States,Prefer not to say,Yes
606d1c40491e3aefe8b77ee1,5d847ac9be4b0b00188463d7,RETURNED,2021-04-07 02:43:12.255000,,137186.983885,23,880,2,100,,,CONSENT REVOKED,CONSENT REVOKED,CONSENT REVOKED,CONSENT REVOKED,CONSENT REVOKED,CONSENT REVOKED,CONSENT REVOKED
606d1c7b8c27078e0f28c69f,5f99e87c962bbc0cf6dc92d2,RETURNED,2021-04-07 02:44:15.842000,,137123.397019,22,97,0,100,,,CONSENT REVOKED,CONSENT REVOKED,CONSENT REVOKED,CONSENT REVOKED,CONSENT REVOKED,CONSENT REVOKED,CONSENT REVOKED
606d1c913e3d0d2f48b8596d,5fc676bca0e5b62de0e2e4c0,AWAITING REVIEW,2021-04-07 02:44:36.250000,2021-04-07 03:25:38.906000,2462.656,24,263,1,100,,4A526F60,United States,United States,Other,DATA EXPIRED,United States,Female,No
606d1cc730ea2f57805dcbb5,605d7fc9cdf100b5d88d78fd,AWAITING REVIEW,2021-04-07 02:45:30.875000,2021-04-07 03:16:03.280000,1832.405,18,41,0,100,,4A526F60,United States,United States,Other,DATA EXPIRED,United States,Male,Yes
606d1ce801569371bd794a7c,5db3b031efa9f6000cf02400,RETURNED,2021-04-07 02:46:00.694000,,137018.574935,22,449,0,100,,,CONSENT REVOKED,CONSENT REVOKED,CONSENT REVOKED,CONSENT REVOKED,CONSENT REVOKED,CONSENT REVOKED,CONSENT REVOKED
606d1d2e41c25cb719516206,605ea4faab65cbea8a755ae3,AWAITING REVIEW,2021-04-07 02:48:14.988000,2021-04-07 03:38:49.168000,3034.18,25,47,0,100,,4A526F60,United States,United States,Full-Time,DATA EXPIRED,United States,Female,No
606d1d33d201a1012ff4cad5,5f1e192b8d05fc380e73cf4d,AWAITING REVIEW,2021-04-07 02:47:18.475000,2021-04-07 03:39:02.275000,3103.8,23,404,0,100,,NOCODE,United States,United States,Full-Time,English,United States,Male,No
606d1d72c8cee6d6ac4d53ff,601a3ff7ca20ac23d38eb8d6,AWAITING REVIEW,2021-04-07 02:48:22.356000,2021-04-07 04:14:23.530000,5161.174,22,78,0,100,,4A526F60,United States,United States,Unemployed (and job seeking),DATA EXPIRED,United States,Male,No
606d1d8c3f72ea7ac0bae589,5c3e5b3f3885c10001e23746,RETURNED,2021-04-07 02:48:47.232000,,136852.092997,20,164,0,100,,,CONSENT REVOKED,CONSENT REVOKED,CONSENT REVOKED,CONSENT REVOKED,CONSENT REVOKED,CONSENT REVOKED,CONSENT REVOKED
606d1d8fb8f500cc58ba0250,5b25d4db0ec82d0001d1fdde,RETURNED,2021-04-07 02:48:52.623000,,136846.702118,25,254,3,99,,,CONSENT REVOKED,CONSENT REVOKED,CONSENT REVOKED,CONSENT REVOKED,CONSENT REVOKED,CONSENT REVOKED,CONSENT REVOKED
606d1d985aceb185fd152602,5afeea460437f000017e0c97,AWAITING REVIEW,2021-04-07 02:49:08.194000,2021-04-07 03:44:27.487000,3319.293,21,199,0,100,,4A526F60,United States,United States,"Not in paid work (e.g. homemaker', 'retired or disabled)",English,United States,Male,Yes
606d1daee689f208da0892f8,5fd1b85d74a3511ba1e4307a,AWAITING REVIEW,2021-04-07 02:49:23.260000,2021-04-07 03:54:34.933000,3911.673,18,68,1,99,,4A526F60,United States,United States,Other,DATA EXPIRED,United States,Male,Yes
606d1dc15a446b8a6e9ab01c,602e8659c8f632a329c1d938,AWAITING REVIEW,2021-04-07 02:49:37.887000,2021-04-07 03:41:37.848000,3119.961,21,166,0,100,,4A526F60,United States,United States,Unemployed (and job seeking),DATA EXPIRED,United States,Male,No
606d1dc7fcfc424a4c571a7f,5f481d20b6c2292b92677cf7,RETURNED,2021-04-07 02:49:43.511000,,136795.865935,24,435,0,100,,,CONSENT REVOKED,CONSENT REVOKED,CONSENT REVOKED,CONSENT REVOKED,CONSENT REVOKED,CONSENT REVOKED,CONSENT REVOKED
606d1dd20cdea269fa3abd99,5f28e9ce38438d277ef9f564,AWAITING REVIEW,2021-04-07 02:50:00.268000,2021-04-07 03:11:27.286000,1287.018,25,193,2,99,,4A526F60,United States,Australia,Full-Time,English,United States,Female,No
606d1dec913f5dac3ae0f56c,5fda8fb68676a773fb103a75,AWAITING REVIEW,2021-04-07 02:50:32.071000,2021-04-07 03:50:35.355000,3603.284,22,270,0,100,,4A526F60,United States,United States,"Not in paid work (e.g. homemaker', 'retired or disabled)",DATA EXPIRED,United States,Male,No
606d1df6f2a649767f7e9029,6041d51ff984371e3b18172d,AWAITING REVIEW,2021-04-07 02:57:27.495000,2021-04-07 03:53:32.471000,3364.976,23,118,0,100,,NOCODE,United States,United States,Part-Time,DATA EXPIRED,United States,Female,No
606d1e0f9916b2795f949db6,5c11f8202b16ba0001c8b764,AWAITING REVIEW,2021-04-07 02:51:00.542000,2021-04-07 03:34:59.620000,2639.078,23,834,2,100,,4A526F60,United States,United States,"Not in paid work (e.g. homemaker', 'retired or disabled)",English,United States,Female,Yes
606d1e159543194d05d30aca,5fe53228a4d8243510cf2a0d,AWAITING REVIEW,2021-04-07 02:51:01.308000,2021-04-07 03:38:45.379000,2864.071,20,228,0,100,,4A526F60,United States,United States,Other,DATA EXPIRED,United States,Prefer not to say,Yes
606d1e15a3d4e3b1913783eb,5c4f8e27232d020001303d05,AWAITING REVIEW,2021-04-07 02:51:04.850000,2021-04-07 03:47:51.782000,3406.932,21,126,2,98,,NOCODE,United States,United States,Unemployed (and job seeking),English,United States,Female,No
606d1e23bb69c94836faa385,5fe33b2f46872ef2fb28db7b,RETURNED,2021-04-07 02:51:17.477000,,136701.991072,18,257,0,100,,,CONSENT REVOKED,CONSENT REVOKED,CONSENT REVOKED,CONSENT REVOKED,CONSENT REVOKED,CONSENT REVOKED,CONSENT REVOKED
606d1e2989bcafa855edef92,5e654091c8b7cc011cf84bd1,AWAITING REVIEW,2021-04-07 02:51:25.947000,2021-04-07 03:45:08.235000,3222.288,20,296,1,100,,4A526F60,United States,United States,Part-Time,English,United States,Female,Yes
606d1e3ed3825220606f2957,603e7f11e198adefb929b4b0,RETURNED,2021-04-07 02:51:46.820000,,136672.661349,24,134,2,99,,,CONSENT REVOKED,CONSENT REVOKED,CONSENT REVOKED,CONSENT REVOKED,CONSENT REVOKED,CONSENT REVOKED,CONSENT REVOKED
606d1e56b2991bb4e227b169,5fa5c1efbc1fcb155bf0e4dd,AWAITING REVIEW,2021-04-07 02:52:09.308000,2021-04-07 03:49:41.309000,3452.001,22,125,0,100,,NOCODE,United States,United States,Part-Time,DATA EXPIRED,United States,Female,No
606d1e6356bcb9104e200513,5f7f8c5995690d14b8e136bb,AWAITING REVIEW,2021-04-07 02:52:22.998000,2021-04-07 03:24:52.322000,1949.324,20,82,1,100,,NOCODE,United States,United States,Unemployed (and job seeking),DATA EXPIRED,United States,Male,No
606d1e6586bbaf840847245f,5fe995c5bb7b293f3520cbc3,AWAITING REVIEW,2021-04-07 02:53:24.307000,2021-04-07 03:47:10.665000,3226.358,23,201,0,100,,4A526F60,United States,United States,Unemployed (and job seeking),DATA EXPIRED,United States,Female,Yes
606d1e6b0648fa5ec4142722,5f4fe72e9468441227166179,RETURNED,2021-04-07 02:52:31.432000,,136628.088614,20,460,2,100,,,CONSENT REVOKED,CONSENT REVOKED,CONSENT REVOKED,CONSENT REVOKED,CONSENT REVOKED,CONSENT REVOKED,CONSENT REVOKED
606d1e783c54ebee9bbd2de9,59288c238bc6770001fc1d6e,AWAITING REVIEW,2021-04-07 02:58:05.928000,2021-04-07 03:52:17.059000,3251.131,22,1324,7,100,,4A526F60,United States,United States,Part-Time,English,United States,Male,No
606d1e7a5943992c98392f4a,603595f7c81d8e6ceaa65476,AWAITING REVIEW,2021-04-07 02:52:51.727000,2021-04-07 05:02:58.785000,7807.058,18,152,0,100,,4A526F60,United States,United States,Unemployed (and job seeking),DATA EXPIRED,United States,Male,Yes
606d1e7a81a8787f720f8ef9,602c6e8922eb785511910125,AWAITING REVIEW,2021-04-07 02:55:25.084000,2021-04-07 03:19:43.472000,1458.388,22,155,0,100,,4A526F60,United States,United States,DATA EXPIRED,DATA EXPIRED,United States,Female,No
606d1e90ef19416509e51742,5e778325dd11e42f3a52dd95,AWAITING REVIEW,2021-04-07 02:54:12.332000,2021-04-07 03:59:35.088000,3922.756,21,183,1,100,,4A526F60,United States,United States,Part-Time,English,United States,Female,Yes
606d1e954387a02ffe7c35f2,5f6e4b5734ac6f36d33ec0c8,RETURNED,2021-04-07 03:03:14.365000,,135985.266944,21,298,1,100,,,CONSENT REVOKED,CONSENT REVOKED,CONSENT REVOKED,CONSENT REVOKED,CONSENT REVOKED,CONSENT REVOKED,CONSENT REVOKED
606d1eefdf340ce7a3733ee4,6035cf48ab65f735a5ebb489,RETURNED,2021-04-07 03:04:39.186000,,135900.446147,21,137,0,100,,,CONSENT REVOKED,CONSENT REVOKED,CONSENT REVOKED,CONSENT REVOKED,CONSENT REVOKED,CONSENT REVOKED,CONSENT REVOKED
606d1ef8e1d81ff886e190a8,6060cc2bf9ba38d90b1a6f12,AWAITING REVIEW,2021-04-07 02:54:55.279000,2021-04-07 03:49:25.812000,3270.533,18,43,0,100,,NOCODE,United States,United States,Unemployed (and job seeking),DATA EXPIRED,United States,Male,Yes
606d1f3443e5b512c2b70840,5f07dba182caac000c48bc84,AWAITING REVIEW,2021-04-07 02:57:01.649000,2021-04-07 03:46:29.144000,2967.495,25,613,2,100,,4A526F60,United States,United States,Part-Time,English,United States,Male,No
606d1f52ae4d16e56abe0f37,601c439a4bb8ca71ae32e269,AWAITING REVIEW,2021-04-07 02:56:21.824000,2021-04-07 04:09:04.609000,4362.785,20,147,0,100,,NOCODE,United States,United States,Other,DATA EXPIRED,United States,Male,Yes
606d1fa9b6188d841706fe6c,5f7b805c2d955715666419ff,AWAITING REVIEW,2021-04-07 02:57:45.839000,2021-04-07 04:16:02.164000,4696.325,21,148,0,100,,4A526F60,United States,United States,Unemployed (and job seeking),DATA EXPIRED,United States,Female,Yes
606d1fc39ac9e7699762155e,5ef90b249bafa50a311593ae,AWAITING REVIEW,2021-04-07 02:58:11.154000,2021-04-07 04:04:58.382000,4007.228,21,617,0,100,,4A526F60,United States,United States,Unemployed (and job seeking),English,United States,Male,Yes
606d1fd8491e3aefe8b77ee8,5e17f284d32f930eb7ccd417,AWAITING REVIEW,2021-04-07 02:58:36.810000,2021-04-07 04:15:45.333000,4628.523,24,108,0,100,,NOCODE,Mexico,United States,Unemployed (and job seeking),Spanish,United States,Female,No
606d2008dd8400f3121e59b2,56cb15ad64c068000b4d7ca5,AWAITING REVIEW,2021-04-07 03:04:43.967000,2021-04-07 04:02:24.194000,3460.227,25,625,1,100,,4A526F60,Sint Maarten (Dutch part),United States,Other,English,United States,Female,Yes
606d2010870d67708817581e,6029d04a6ab1b940529de48e,AWAITING REVIEW,2021-04-07 03:04:45.411000,2021-04-07 04:09:11.340000,3865.929,21,176,0,100,,4A526F60,United States,United States,DATA EXPIRED,DATA EXPIRED,United States,Male,Yes
606d2126be139ae0a2e3903e,605d5a6066ab82b353e53c15,RETURNED,2021-04-07 03:15:00.072000,,135279.694226,24,32,0,100,,,CONSENT REVOKED,CONSENT REVOKED,CONSENT REVOKED,CONSENT REVOKED,CONSENT REVOKED,CONSENT REVOKED,CONSENT REVOKED
606d216d7f40793c7ecd8b9c,5deb3ffdf375c625fa83bac7,AWAITING REVIEW,2021-04-07 03:05:17.309000,2021-04-07 04:25:23.903000,4806.594,23,676,5,99,,4A526F60,DATA EXPIRED,United States,DATA EXPIRED,DATA EXPIRED,United States,Male,DATA EXPIRED
606d22afef19416509e51756,603daeb6f57521cab1457535,AWAITING REVIEW,2021-04-07 03:10:41.934000,2021-04-07 03:30:09.468000,1167.534,23,23,1,96,,NOCODE,United States,United States,Unemployed (and job seeking),,United States,Male,No
606d22cafb7aae8513865e1e,5e485d1d4edf63000d0b1620,RETURNED,2021-04-07 03:17:21.706000,,135138.104081,20,926,9,98,,,CONSENT REVOKED,CONSENT REVOKED,CONSENT REVOKED,CONSENT REVOKED,CONSENT REVOKED,CONSENT REVOKED,CONSENT REVOKED
606d23c1306d536b089e6d86,602c4e244525b352fc0779ee,AWAITING REVIEW,2021-04-07 03:16:47.028000,2021-04-07 04:36:56.904000,4809.876,22,164,0,100,,NOCODE,United States,United States,Other,DATA EXPIRED,United States,Female,Yes
606d23d949437aa1364da9db,5c7f6e35ea9ae00014f48533,RETURNED,2021-04-07 03:15:39.688000,,135240.134456,21,184,0,100,,,CONSENT REVOKED,CONSENT REVOKED,CONSENT REVOKED,CONSENT REVOKED,CONSENT REVOKED,CONSENT REVOKED,CONSENT REVOKED
606d24940fc6b05ca6b84644,6006a7b7f57a4801ea3a8323,AWAITING REVIEW,2021-04-07 03:18:53.054000,2021-04-07 04:31:54.045000,4380.991,23,121,1,99,,4A526F60,United States,United States,Unemployed (and job seeking),DATA EXPIRED,United States,Male,No
606d253c72e49af6dd721573,5c4ea7c3889752000156ddc5,RETURNED,2021-04-07 03:21:34.560000,,134885.274996,24,1056,3,100,,,CONSENT REVOKED,CONSENT REVOKED,CONSENT REVOKED,CONSENT REVOKED,CONSENT REVOKED,CONSENT REVOKED,CONSENT REVOKED
606d258f52d4e110d1208b14,606274b114e9a5be80e82869,AWAITING REVIEW,2021-04-07 03:24:03.036000,2021-04-07 04:17:12.634000,3189.598,18,39,0,100,,NOCODE,United States,United States,Unemployed (and job seeking),DATA EXPIRED,United States,Female,Yes
606d263cef3479eae2901362,5f78ce64cb5f144a98a4fa38,AWAITING REVIEW,2021-04-07 03:25:48.551000,2021-04-07 04:29:57.743000,3849.192,23,456,4,99,,4A526F60,Mexico,United States,Other,DATA EXPIRED,United States,Female,Yes
606d2ac9a9aa8baf0ecc8687,5f9e4fcd32203d402fdfeb9c,RETURNED,2021-04-07 03:45:13.245000,,133466.627335,21,269,1,100,,,CONSENT REVOKED,CONSENT REVOKED,CONSENT REVOKED,CONSENT REVOKED,CONSENT REVOKED,CONSENT REVOKED,CONSENT REVOKED
606d2aeaf8bf0aa32f29ee12,602d6f855e466a7b280d8e7d,RETURNED,2021-04-07 03:46:03.942000,,133415.930418,22,165,0,100,,,CONSENT REVOKED,CONSENT REVOKED,CONSENT REVOKED,CONSENT REVOKED,CONSENT REVOKED,CONSENT REVOKED,CONSENT REVOKED
606d2b23d1e4bea944927dbc,5f48c980d8963d38bc9e91b1,RETURNED,2021-04-07 03:46:43.563000,,133376.309459,20,327,2,100,,,CONSENT REVOKED,CONSENT REVOKED,CONSENT REVOKED,CONSENT REVOKED,CONSENT REVOKED,CONSENT REVOKED,CONSENT REVOKED
606d2b8a30d8d1a64bf82fc0,5e33735fc0b28934fbfbbef0,AWAITING REVIEW,2021-04-07 03:48:26.408000,2021-04-07 04:23:45.767000,2119.359,20,308,2,100,,4A526F60,United States,United States,Unemployed (and job seeking),English,United States,Female,Yes
606d2bfc21fb44d28a63cca3,6004958f47a3a761bdbbb72a,RETURNED,2021-04-07 03:50:22.393000,,133157.49452,23,244,0,100,,,CONSENT REVOKED,CONSENT REVOKED,CONSENT REVOKED,CONSENT REVOKED,CONSENT REVOKED,CONSENT REVOKED,CONSENT REVOKED
606d2c690c844ed53a3cfd9c,5f0d6c9bb43cfb0182a9d464,RETURNED,2021-04-07 03:52:09.114000,,133050.773607,19,521,2,100,,,CONSENT REVOKED,CONSENT REVOKED,CONSENT REVOKED,CONSENT REVOKED,CONSENT REVOKED,CONSENT REVOKED,CONSENT REVOKED
606d2c9f3de2850db5e06f00,5cfb5233df7d70001619ca90,RETURNED,2021-04-07 03:53:16.713000,,132983.174649,25,687,2,100,,,CONSENT REVOKED,CONSENT REVOKED,CONSENT REVOKED,CONSENT REVOKED,CONSENT REVOKED,CONSENT REVOKED,CONSENT REVOKED
606d2da7c83d288757b15684,60243e541856500f2f14e634,RETURNED,2021-04-07 03:57:30.524000,,132729.363686,23,98,0,100,,,CONSENT REVOKED,CONSENT REVOKED,CONSENT REVOKED,CONSENT REVOKED,CONSENT REVOKED,CONSENT REVOKED,CONSENT REVOKED
606d2e5f988db79c43725ca4,5d847d36edd4ae000190058e,RETURNED,2021-04-07 04:00:36.603000,,132543.284722,20,12,0,100,,,CONSENT REVOKED,CONSENT REVOKED,CONSENT REVOKED,CONSENT REVOKED,CONSENT REVOKED,CONSENT REVOKED,CONSENT REVOKED
606d2e8afac62b4ac719dc2c,605c4e16d1854981a801c6e0,RETURNED,2021-04-07 04:02:53.563000,,132406.324757,19,55,0,100,,,CONSENT REVOKED,CONSENT REVOKED,CONSENT REVOKED,CONSENT REVOKED,CONSENT REVOKED,CONSENT REVOKED,CONSENT REVOKED
606d2f9b326195c1dc8fe5df,58ae59babb9e0f0001acb414,TIMED-OUT,2021-04-07 04:05:47.430000,,132232.457793,18,830,2,100,,,United States,United States,Unemployed (and job seeking),Vietnamese,United States,Male,Yes
606d2fa9533192ef600cb135,5e11dc944fa02a86c7ac97fc,RETURNED,2021-04-07 04:06:01.478000,,132218.436769,21,901,0,100,,,CONSENT REVOKED,CONSENT REVOKED,CONSENT REVOKED,CONSENT REVOKED,CONSENT REVOKED,CONSENT REVOKED,CONSENT REVOKED
606d3358a1d1ca7b47dbd45c,5dcb1023a67bd47e796516b5,RETURNED,2021-04-07 04:22:03.685000,,131256.229918,25,749,5,99,,,CONSENT REVOKED,CONSENT REVOKED,CONSENT REVOKED,CONSENT REVOKED,CONSENT REVOKED,CONSENT REVOKED,CONSENT REVOKED
606d33faf2662ac5954e2e53,5d4b1c73cfe6e90017ad8990,AWAITING REVIEW,2021-04-07 04:24:26.629000,2021-04-07 05:20:52.664000,3386.035,25,1042,3,100,,4A526F60,Nigeria,United States,Full-Time,French,United States,Male,Yes
606d3418a2e972d755fe4305,5ac8f79068b65b00018d7ef9,AWAITING REVIEW,2021-04-07 04:25:05.379000,2021-04-07 05:37:45.105000,4359.726,21,756,3,100,,4A526F60,Turkey,United States,Unemployed (and job seeking),English,United States,Male,Yes
606d356e789307a58e4e9153,5f7de11ec6fb70029cf59ea8,AWAITING REVIEW,2021-04-07 04:30:38.618000,2021-04-07 05:58:26.623000,5268.005,23,405,0,100,,4A526F60,United States,United States,Unemployed (and job seeking),DATA EXPIRED,United States,Male,No
606d3b4721239b1fbe1c46ad,5fa50a2e1148ce1c9cb5ee12,AWAITING REVIEW,2021-04-07 04:55:36.943000,2021-04-07 05:29:40.238000,2043.295,25,211,2,100,,4A526F60,United States,United States,Unemployed (and job seeking),DATA EXPIRED,United States,Male,Yes
606d400a2022d4eba0d9fccc,5c7ed3c5cc6a9c000153d29b,RETURNED,2021-04-07 05:16:03.067000,,128016.918221,20,597,3,100,,,CONSENT REVOKED,CONSENT REVOKED,CONSENT REVOKED,CONSENT REVOKED,CONSENT REVOKED,CONSENT REVOKED,CONSENT REVOKED
606d40caae9dc2d9dfb004ce,6046c01189a49f1174474845,TIMED-OUT,2021-04-07 05:19:08.457000,,127831.52836,25,90,0,100,,,United States,United States,"Not in paid work (e.g. homemaker', 'retired or disabled)",DATA EXPIRED,United States,Female,No
606d518dafde8d0be5ae6a76,5fdff4e1069e3b880b9c3b0e,RETURNED,2021-04-07 06:30:46.762000,,123533.238782,24,126,1,100,,,CONSENT REVOKED,CONSENT REVOKED,CONSENT REVOKED,CONSENT REVOKED,CONSENT REVOKED,CONSENT REVOKED,CONSENT REVOKED
606d5ef47a102fc7b30fee2c,60527ae05788803e1bdc8f2d,AWAITING REVIEW,2021-04-07 07:28:08.750000,2021-04-07 08:16:40.094000,2911.344,20,11,1,87,,4A526F60,United States,,Unemployed (and job seeking),,United States,Female,Yes
606d62ed351da7deeba81ab2,5f4fc8c618bf9a0daf3f211d,AWAITING REVIEW,2021-04-07 07:50:53.144000,2021-04-07 08:34:58.527000,2645.383,25,108,0,100,,4A526F60,,,,,United States,Male,
