record_id,redcap_survey_identifier,welcome_timestamp,subid,assignment_id,study_id,welcome_complete,consent_timestamp,consent_1,consent_complete,demographics_timestamp,gender,other_gender,age,country_born,other_country,years_in_us,years,occupation,race___1,race___2,race___3,race___4,race___5,race___6,race___7,demographics_complete,instructions_timestamp,understand_instructions,confidence,instructions_complete,game_timestamp,game_complete,participant_ratings_timestamp,mead_name,clr_accordion_2,exp_accordion_2,lrg_accordion_2,clr_apple_2,exp_apple_2,lrg_apple_2,clr_apple_4,exp_apple_4,lrg_apple_4,clr_asian_05,exp_asian_05,lrg_asian_05,clr_bacon_2,exp_bacon_2,lrg_bacon_2,clr_art_paintbrush_01,exp_art_paintbrush_01,lrg_art_paintbrush_01,clr_art_paintbrush_02,exp_art_paintbrush_02,lrg_art_paintbrush_02,clr_boombox_01,exp_boombox_01,lrg_boombox_01,clr_djembe_01,exp_djembe_01,lrg_djembe_01,clr_fountainpen_01,exp_fountainpen_01,lrg_fountainpen_01,clr_bagel_4,exp_bagel_4,lrg_bagel_4,clr_ball_05,exp_ball_05,lrg_ball_05,clr_goboard_01,exp_goboard_01,lrg_goboard_01,clr_banana_2,exp_banana_2,lrg_banana_2,clr_beads_3,exp_beads_3,lrg_beads_3,clr_beads_4,exp_beads_4,lrg_beads_4,clr_berries_4,exp_berries_4,lrg_berries_4,clr_berries_05,exp_berries_05,lrg_berries_05,clr_bike_04,exp_bike_04,lrg_bike_04,clr_bike_05,exp_bike_05,lrg_bike_05,clr_bike_06,exp_bike_06,lrg_bike_06,clr_binocular_02,exp_binocular_02,lrg_binocular_02,clr_bowling_03,exp_bowling_03,lrg_bowling_03,clr_guitar_02,exp_guitar_02,lrg_guitar_02,clr_burger_01,exp_burger_01,lrg_burger_01,clr_burger_4,exp_burger_4,lrg_burger_4,clr_cam_corder_3,exp_cam_corder_3,lrg_cam_corder_3,clr_camera_3,exp_camera_3,lrg_camera_3,clr_camera_4,exp_camera_4,lrg_camera_4,clr_candy_2,exp_candy_2,lrg_candy_2,clr_chess_4,exp_chess_4,lrg_chess_4,clr_chicken_3,exp_chicken_3,lrg_chicken_3,clr_chips_01,exp_chips_01,lrg_chips_01,clr_chips_02,exp_chips_02,lrg_chips_02,clr_chocolate_2,exp_chocolate_2,lrg_chocolate_2,clr_chocolate_cake_1,exp_chocolate_cake_1,lrg_chocolate_cake_1,clr_chocolate3,exp_chocolate3,lrg_chocolate3,clr_chocolate6,exp_chocolate6,lrg_chocolate6,clr_jenga_01,exp_jenga_01,lrg_jenga_01,clr_keyboard_01,exp_keyboard_01,lrg_keyboard_01,clr_cone_1,exp_cone_1,lrg_cone_1,clr_cookie1,exp_cookie1,lrg_cookie1,clr_cookie3,exp_cookie3,lrg_cookie3,clr_cube_2,exp_cube_2,lrg_cube_2,clr_cupcake,exp_cupcake,lrg_cupcake,clr_dice_4,exp_dice_4,lrg_dice_4,clr_domino_3,exp_domino_3,lrg_domino_3,clr_drums_2,exp_drums_2,lrg_drums_2,clr_paintcan_01,exp_paintcan_01,lrg_paintcan_01,clr_fitness_04,exp_fitness_04,lrg_fitness_04,clr_fitness_07,exp_fitness_07,lrg_fitness_07,clr_fitness_08,exp_fitness_08,lrg_fitness_08,clr_frisbee_4,exp_frisbee_4,lrg_frisbee_4,clr_frisbee_5,exp_frisbee_5,lrg_frisbee_5,clr_green_beans_1,exp_green_beans_1,lrg_green_beans_1,clr_greens_01,exp_greens_01,lrg_greens_01,clr_greens_06,exp_greens_06,lrg_greens_06,clr_greens_07,exp_greens_07,lrg_greens_07,clr_guitar_5,exp_guitar_5,lrg_guitar_5,clr_saxophone_01,exp_saxophone_01,lrg_saxophone_01,clr_headphones_1,exp_headphones_1,lrg_headphones_1,clr_headphones_4,exp_headphones_4,lrg_headphones_4,clr_helicopter_1,exp_helicopter_1,lrg_helicopter_1,clr_ice_skates_6,exp_ice_skates_6,lrg_ice_skates_6,clr_sharpie_01,exp_sharpie_01,lrg_sharpie_01,clr_beignets_01,exp_beignets_01,lrg_beignets_01,clr_mac_cheese_01,exp_mac_cheese_01,lrg_mac_cheese_01,clr_chilidog_01,exp_chilidog_01,lrg_chilidog_01,clr_cremepuff_01,exp_cremepuff_01,lrg_cremepuff_01,clr_meat_01,exp_meat_01,lrg_meat_01,clr_microscope_3,exp_microscope_3,lrg_microscope_3,clr_mikado_3,exp_mikado_3,lrg_mikado_3,clr_muffin2,exp_muffin2,lrg_muffin2,clr_friedchicken_01,exp_friedchicken_01,lrg_friedchicken_01,clr_fruitsalad_01,exp_fruitsalad_01,lrg_fruitsalad_01,clr_jackfruit_01,exp_jackfruit_01,lrg_jackfruit_01,clr_jellyroll_01,exp_jellyroll_01,lrg_jellyroll_01,clr_notebook_6,exp_notebook_6,lrg_notebook_6,clr_notebook_7,exp_notebook_7,lrg_notebook_7,clr_oil_1,exp_oil_1,lrg_oil_1,clr_oil_5,exp_oil_5,lrg_oil_5,clr_paper_3,exp_paper_3,lrg_paper_3,clr_parfait_2,exp_parfait_2,lrg_parfait_2,clr_pencil_2,exp_pencil_2,lrg_pencil_2,clr_piano_3,exp_piano_3,lrg_piano_3,clr_piano_4,exp_piano_4,lrg_piano_4,clr_pie3,exp_pie3,lrg_pie3,clr_pizza_03,exp_pizza_03,lrg_pizza_03,clr_pizza_05,exp_pizza_05,lrg_pizza_05,clr_pokerchips_3,exp_pokerchips_3,lrg_pokerchips_3,clr_pomegranate_01,exp_pomegranate_01,lrg_pomegranate_01,clr_quinoa_01,exp_quinoa_01,lrg_quinoa_01,clr_radio_3,exp_radio_3,lrg_radio_3,clr_record_4,exp_record_4,lrg_record_4,clr_ribbon_4,exp_ribbon_4,lrg_ribbon_4,clr_onionrings_01,exp_onionrings_01,lrg_onionrings_01,clr_roller_skates_01,exp_roller_skates_01,lrg_roller_skates_01,clr_roller_skates_02,exp_roller_skates_02,lrg_roller_skates_02,clr_pho_01,exp_pho_01,lrg_pho_01,clr_poboy_01,exp_poboy_01,lrg_poboy_01,clr_zucchini_01,exp_zucchini_01,lrg_zucchini_01,clr_salmon,exp_salmon,lrg_salmon,clr_sandwich_2,exp_sandwich_2,lrg_sandwich_2,clr_sandwich_3,exp_sandwich_3,lrg_sandwich_3,clr_sandwich_5,exp_sandwich_5,lrg_sandwich_5,clr_shrimp_02,exp_shrimp_02,lrg_shrimp_02,clr_skateboard_06,exp_skateboard_06,lrg_skateboard_06,clr_popcorn_01,exp_popcorn_01,lrg_popcorn_01,clr_poutine_01,exp_poutine_01,lrg_poutine_01,clr_snorkling_3,exp_snorkling_3,lrg_snorkling_3,clr_soup_03,exp_soup_03,lrg_soup_03,clr_samosas_01,exp_samosas_01,lrg_samosas_01,clr_starfruit_01,exp_starfruit_01,lrg_starfruit_01,clr_tempeh_01,exp_tempeh_01,lrg_tempeh_01,clr_tart1,exp_tart1,lrg_tart1,clr_violin_2,exp_violin_2,lrg_violin_2,clr_tofu_01,exp_tofu_01,lrg_tofu_01,clr_yulelog_01,exp_yulelog_01,lrg_yulelog_01,clr_wrap_02,exp_wrap_02,lrg_wrap_02,clr_yarn_5,exp_yarn_5,lrg_yarn_5,participant_ratings_complete,post_study_survey_timestamp,how_was_study,purpose_1,difficulties,post_study_survey_complete,payment_timestamp,payment_complete
1,,"2021-09-14 17:51:05",613eacdc01a113faeafcb9cd,61411935e9f7a174879c8fcc,6140d2bf320df68dc96327b1,2,"2021-09-14 17:51:25",1,2,"2021-09-14 17:52:05",3,,22,1,,1,,NA,0,0,0,0,0,1,0,2,"2021-09-14 17:52:49",1,48,2,,0,,,,,,,,,,,,,,,,,,,,,,,,,,,,,,,,,,,,,,,,,,,,,,,,,,,,,,,,,,,,,,,,,,,,,,,,,,,,,,,,,,,,,,,,,,,,,,,,,,,,,,,,,,,,,,,,,,,,,,,,,,,,,,,,,,,,,,,,,,,,,,,,,,,,,,,,,,,,,,,,,,,,,,,,,,,,,,,,,,,,,,,,,,,,,,,,,,,,,,,,,,,,,,,,,,,,,,,,,,,,,,,,,,,,,,,,,,,,,,,,,,,,,,,,,,,,,,,,,,,,,,,,,,,,,,,,,,,,,,,,,,,,,,,,,,,,,,,,,,,,,,,,,,,,,,,,,,,,,,,,,,,,,,,,,,,,,,,,,,,,,,,,,,,,,,,,,,,,,,,,,,,0,,,,,0,,0
2,,"2021-09-14 17:52:23",5ee8e28f8ebaec0b3e1d1b57,6141192dd0ae33804f51cfa8,6140d2bf320df68dc96327b1,2,"2021-09-14 17:52:53",1,2,"2021-09-14 17:53:42",1,,21,2,portugal,2,2,Student,0,0,0,0,1,0,0,2,"2021-09-14 17:54:16",1,100,2,,0,,,,,,,,,,,,,,,,,,,,,,,,,,,,,,,,,,,,,,,,,,,,,,,,,,,,,,,,,,,,,,,,,,,,,,,,,,,,,,,,,,,,,,,,,,,,,,,,,,,,,,,,,,,,,,,,,,,,,,,,,,,,,,,,,,,,,,,,,,,,,,,,,,,,,,,,,,,,,,,,,,,,,,,,,,,,,,,,,,,,,,,,,,,,,,,,,,,,,,,,,,,,,,,,,,,,,,,,,,,,,,,,,,,,,,,,,,,,,,,,,,,,,,,,,,,,,,,,,,,,,,,,,,,,,,,,,,,,,,,,,,,,,,,,,,,,,,,,,,,,,,,,,,,,,,,,,,,,,,,,,,,,,,,,,,,,,,,,,,,,,,,,,,,,,,,,,,,,,,,,,,,0,,,,,0,,0
3,,"2021-09-14 17:56:29",6140e1974c9dae116f8dbcc4,61411a82bb3043dfe2960d5a,6140d2bf320df68dc96327b1,2,"2021-09-14 17:56:43",1,2,"2021-09-14 17:57:09",2,,23,1,,1,,Translator,0,0,0,0,0,1,0,2,"2021-09-14 17:57:17",1,71,2,,2,"2021-09-14 18:42:10",,9,9,9,9,1,4,8,2,3,9,8,3,7,1,1,5,6,2,4,5,3,2,8,6,5,7,7,3,5,2,2,2,2,5,3,4,4,6,4,4,1,1,10,4,3,10,2,1,10,1,1,10,1,1,2,9,3,4,9,7,4,9,6,4,6,2,4,6,4,5,9,6,3,2,3,8,3,3,4,8,3,2,10,3,3,10,2,10,1,3,3,5,3,10,3,3,7,2,2,4,3,2,5,4,1,3,2,3,2,2,2,3,3,1,3,1,4,2,9,5,10,4,5,2,1,2,3,2,2,10,2,3,7,2,2,2,2,2,2,2,3,4,9,7,10,6,6,2,10,10,1,10,10,3,10,10,8,1,4,10,2,2,10,1,1,10,2,2,10,2,2,10,2,2,4,10,7,5,10,7,9,6,3,7,7,4,8,7,4,3,7,5,1,1,1,3,4,4,8,2,3,8,4,2,9,4,3,8,5,4,4,10,5,10,1,2,7,2,3,6,3,3,9,2,2,7,3,6,8,2,2,9,1,3,9,3,3,7,10,5,4,9,6,10,3,2,10,3,2,10,1,1,3,10,9,2,10,9,5,3,2,7,3,2,5,3,3,10,3,3,8,4,2,9,3,2,5,9,4,4,9,6,10,1,3,6,3,3,4,8,6,8,8,5,8,2,2,8,3,3,7,1,4,10,5,3,8,2,3,8,2,3,7,3,3,8,5,3,8,9,6,8,2,3,5,1,2,4,5,4,5,3,3,4,2,3,8,3,2,8,5,3,8,4,3,5,10,6,9,3,3,7,3,3,9,2,3,10,1,3,2,"2021-09-14 18:42:26","It's very long","Word association",No,2,"2021-09-14 18:42:29",2
4,,"2021-09-14 18:02:46",5caa8efdf9a1bd0001ada0de,61411bb2bd96182ae0b029db,6140d2bf320df68dc96327b1,2,"2021-09-14 18:02:56",1,2,"2021-09-14 18:03:11",1,,23,1,,1,,IT/QA,0,0,0,0,1,0,0,2,"2021-09-14 18:03:31",1,100,2,"[not completed]",2,"2021-09-14 19:00:21",,7,4,4,8,1,1,8,1,1,4,2,2,4,1,1,2,1,1,2,1,1,1,4,4,5,3,3,2,2,1,2,2,2,4,3,3,3,3,4,3,2,2,4,2,1,7,2,1,5,2,1,5,2,2,1,6,4,3,4,3,4,5,5,4,5,2,4,2,2,2,7,4,3,2,2,3,2,2,2,2,2,2,4,2,2,3,2,3,1,1,5,4,2,3,4,2,2,2,2,2,2,2,2,2,2,3,2,2,3,2,1,2,2,2,1,2,3,1,3,3,4,2,2,2,1,1,2,1,1,2,2,1,3,1,1,1,1,1,1,2,2,3,5,4,3,3,3,1,8,8,1,8,8,1,9,9,4,2,3,4,2,3,3,1,1,2,1,1,3,1,1,2,1,1,3,5,3,5,5,4,3,3,3,2,3,3,4,4,2,2,5,3,1,2,2,2,2,2,3,3,2,3,2,2,3,2,2,2,3,3,1,6,4,3,3,3,2,2,1,2,2,2,4,2,2,2,2,2,1,2,2,6,2,2,8,2,2,6,4,3,3,2,3,4,3,2,4,3,3,4,3,2,1,8,7,1,8,7,2,3,3,4,3,3,3,3,3,6,2,2,2,2,2,2,2,2,3,5,3,3,4,5,4,3,2,2,2,2,1,4,3,5,4,3,2,2,2,3,2,2,2,1,2,2,3,3,3,2,3,3,2,3,3,2,3,3,3,3,5,4,4,2,3,2,3,3,3,3,3,3,2,2,2,2,3,3,2,2,2,6,2,2,5,3,3,2,5,5,3,2,2,3,2,2,3,3,2,4,2,3,2,"2021-09-14 19:00:52","Rather tedious at the end but interactive in the middle","No clue but I'm stupid","None at all",2,,0
5,,"2021-09-14 18:04:08",6126a42c23eb50441fb8377f,61411c355b541e14a54769db,6140d2bf320df68dc96327b1,2,"2021-09-14 18:04:33",1,2,"2021-09-14 18:05:10",2,,20,1,,1,,Secretary,0,0,0,0,0,1,0,2,"2021-09-14 18:05:42",1,97,2,,2,"2021-09-14 19:07:11",,7,8,7,7,1,1,4,1,1,8,4,3,3,3,2,2,4,2,4,5,2,2,7,8,4,7,6,4,6,1,2,1,2,6,4,5,4,7,6,4,1,2,10,4,2,10,3,1,8,3,2,6,3,2,1,9,9,5,9,9,6,8,9,4,8,4,3,6,4,2,10,7,3,2,2,4,2,3,2,4,3,2,10,7,3,8,7,4,3,1,5,6,1,7,4,3,1,1,2,1,1,2,2,2,2,2,3,3,1,1,1,2,3,1,3,5,4,3,9,8,6,4,5,2,2,2,3,3,1,8,2,2,3,3,2,2,1,1,2,4,2,5,10,8,6,5,5,2,10,10,1,10,10,2,10,10,4,2,3,4,3,4,4,2,2,3,3,2,4,2,2,2,2,2,5,9,7,3,9,7,6,5,4,6,4,4,6,7,4,2,6,4,1,1,1,2,2,2,2,3,2,1,3,3,5,3,2,5,6,3,2,7,5,10,3,2,2,2,2,3,3,2,8,3,2,3,4,4,3,3,2,10,5,4,10,5,4,10,7,6,8,7,5,10,3,2,7,3,3,10,3,2,2,10,10,2,10,10,3,4,3,5,4,4,3,3,4,5,6,1,5,3,3,4,4,3,4,7,6,1,7,6,5,1,3,1,1,2,2,5,5,6,6,5,4,3,3,4,3,3,3,1,2,6,4,3,4,3,3,4,2,3,5,4,3,7,3,3,5,6,7,6,3,3,2,1,3,2,5,4,3,2,3,4,3,3,4,3,2,6,5,4,8,4,4,2,8,6,8,4,3,6,4,4,5,2,2,8,2,2,2,"2021-09-14 19:09:08","At first it was kind of hard to set the boundaries on what would be considered large, and what is expensive. I mean it still was hard because a chicken sandwich is going to be a 1 compared to a piano.","Getting an idea of what is cheap and what is expensive to people",No,2,"2021-09-14 19:09:10",2
6,,"2021-09-14 18:11:16",613ceb832d8738df617e7266,61411dc9ebb27c9a9ef17b0b,6140d2bf320df68dc96327b1,2,"2021-09-14 18:11:24",1,2,"2021-09-14 18:12:15",1,,22,2,Mexico,1,,Unemployed,0,0,0,0,1,0,0,2,"2021-09-14 18:12:28",1,100,2,,0,,,,,,,,,,,,,,,,,,,,,,,,,,,,,,,,,,,,,,,,,,,,,,,,,,,,,,,,,,,,,,,,,,,,,,,,,,,,,,,,,,,,,,,,,,,,,,,,,,,,,,,,,,,,,,,,,,,,,,,,,,,,,,,,,,,,,,,,,,,,,,,,,,,,,,,,,,,,,,,,,,,,,,,,,,,,,,,,,,,,,,,,,,,,,,,,,,,,,,,,,,,,,,,,,,,,,,,,,,,,,,,,,,,,,,,,,,,,,,,,,,,,,,,,,,,,,,,,,,,,,,,,,,,,,,,,,,,,,,,,,,,,,,,,,,,,,,,,,,,,,,,,,,,,,,,,,,,,,,,,,,,,,,,,,,,,,,,,,,,,,,,,,,,,,,,,,,,,,,,,,,,0,,,,,0,,0
7,,"2021-09-14 18:12:42",5e710a6e93f2d201e2715cc0,61411dd25b541e14a54769e9,6140d2bf320df68dc96327b1,2,,,0,,,,,,,,,,0,0,0,0,0,0,0,0,,,,0,,0,,,,,,,,,,,,,,,,,,,,,,,,,,,,,,,,,,,,,,,,,,,,,,,,,,,,,,,,,,,,,,,,,,,,,,,,,,,,,,,,,,,,,,,,,,,,,,,,,,,,,,,,,,,,,,,,,,,,,,,,,,,,,,,,,,,,,,,,,,,,,,,,,,,,,,,,,,,,,,,,,,,,,,,,,,,,,,,,,,,,,,,,,,,,,,,,,,,,,,,,,,,,,,,,,,,,,,,,,,,,,,,,,,,,,,,,,,,,,,,,,,,,,,,,,,,,,,,,,,,,,,,,,,,,,,,,,,,,,,,,,,,,,,,,,,,,,,,,,,,,,,,,,,,,,,,,,,,,,,,,,,,,,,,,,,,,,,,,,,,,,,,,,,,,,,,,,,,,,,,,,,,0,,,,,0,,0
8,,"2021-09-14 18:14:02",5e710a6e93f2d201e2715cc0,61411dd25b541e14a54769e9,6140d2bf320df68dc96327b1,2,,,0,,,,,,,,,,0,0,0,0,0,0,0,0,,,,0,,0,,,,,,,,,,,,,,,,,,,,,,,,,,,,,,,,,,,,,,,,,,,,,,,,,,,,,,,,,,,,,,,,,,,,,,,,,,,,,,,,,,,,,,,,,,,,,,,,,,,,,,,,,,,,,,,,,,,,,,,,,,,,,,,,,,,,,,,,,,,,,,,,,,,,,,,,,,,,,,,,,,,,,,,,,,,,,,,,,,,,,,,,,,,,,,,,,,,,,,,,,,,,,,,,,,,,,,,,,,,,,,,,,,,,,,,,,,,,,,,,,,,,,,,,,,,,,,,,,,,,,,,,,,,,,,,,,,,,,,,,,,,,,,,,,,,,,,,,,,,,,,,,,,,,,,,,,,,,,,,,,,,,,,,,,,,,,,,,,,,,,,,,,,,,,,,,,,,,,,,,,,,0,,,,,0,,0
9,,"2021-09-14 18:16:47",5e710a6e93f2d201e2715cc0,61411dd25b541e14a54769e9,6140d2bf320df68dc96327b1,2,,,0,,,,,,,,,,0,0,0,0,0,0,0,0,,,,0,,0,,,,,,,,,,,,,,,,,,,,,,,,,,,,,,,,,,,,,,,,,,,,,,,,,,,,,,,,,,,,,,,,,,,,,,,,,,,,,,,,,,,,,,,,,,,,,,,,,,,,,,,,,,,,,,,,,,,,,,,,,,,,,,,,,,,,,,,,,,,,,,,,,,,,,,,,,,,,,,,,,,,,,,,,,,,,,,,,,,,,,,,,,,,,,,,,,,,,,,,,,,,,,,,,,,,,,,,,,,,,,,,,,,,,,,,,,,,,,,,,,,,,,,,,,,,,,,,,,,,,,,,,,,,,,,,,,,,,,,,,,,,,,,,,,,,,,,,,,,,,,,,,,,,,,,,,,,,,,,,,,,,,,,,,,,,,,,,,,,,,,,,,,,,,,,,,,,,,,,,,,,,0,,,,,0,,0
10,,"2021-09-14 18:18:03",5e710a6e93f2d201e2715cc0,61411dd25b541e14a54769e9,6140d2bf320df68dc96327b1,2,,,0,,,,,,,,,,0,0,0,0,0,0,0,0,,,,0,,0,,,,,,,,,,,,,,,,,,,,,,,,,,,,,,,,,,,,,,,,,,,,,,,,,,,,,,,,,,,,,,,,,,,,,,,,,,,,,,,,,,,,,,,,,,,,,,,,,,,,,,,,,,,,,,,,,,,,,,,,,,,,,,,,,,,,,,,,,,,,,,,,,,,,,,,,,,,,,,,,,,,,,,,,,,,,,,,,,,,,,,,,,,,,,,,,,,,,,,,,,,,,,,,,,,,,,,,,,,,,,,,,,,,,,,,,,,,,,,,,,,,,,,,,,,,,,,,,,,,,,,,,,,,,,,,,,,,,,,,,,,,,,,,,,,,,,,,,,,,,,,,,,,,,,,,,,,,,,,,,,,,,,,,,,,,,,,,,,,,,,,,,,,,,,,,,,,,,,,,,,,,0,,,,,0,,0
11,,"2021-09-14 18:18:37",5e710a6e93f2d201e2715cc0,61411dd25b541e14a54769e9,6140d2bf320df68dc96327b1,2,,,0,,,,,,,,,,0,0,0,0,0,0,0,0,,,,0,,0,,,,,,,,,,,,,,,,,,,,,,,,,,,,,,,,,,,,,,,,,,,,,,,,,,,,,,,,,,,,,,,,,,,,,,,,,,,,,,,,,,,,,,,,,,,,,,,,,,,,,,,,,,,,,,,,,,,,,,,,,,,,,,,,,,,,,,,,,,,,,,,,,,,,,,,,,,,,,,,,,,,,,,,,,,,,,,,,,,,,,,,,,,,,,,,,,,,,,,,,,,,,,,,,,,,,,,,,,,,,,,,,,,,,,,,,,,,,,,,,,,,,,,,,,,,,,,,,,,,,,,,,,,,,,,,,,,,,,,,,,,,,,,,,,,,,,,,,,,,,,,,,,,,,,,,,,,,,,,,,,,,,,,,,,,,,,,,,,,,,,,,,,,,,,,,,,,,,,,,,,,,0,,,,,0,,0
12,,"2021-09-14 18:18:40",611d84aa571e4b3df927d008,61411fa20e443a745c449fe0,6140d2bf320df68dc96327b1,2,,,0,,,,,,,,,,0,0,0,0,0,0,0,0,,,,0,,0,,,,,,,,,,,,,,,,,,,,,,,,,,,,,,,,,,,,,,,,,,,,,,,,,,,,,,,,,,,,,,,,,,,,,,,,,,,,,,,,,,,,,,,,,,,,,,,,,,,,,,,,,,,,,,,,,,,,,,,,,,,,,,,,,,,,,,,,,,,,,,,,,,,,,,,,,,,,,,,,,,,,,,,,,,,,,,,,,,,,,,,,,,,,,,,,,,,,,,,,,,,,,,,,,,,,,,,,,,,,,,,,,,,,,,,,,,,,,,,,,,,,,,,,,,,,,,,,,,,,,,,,,,,,,,,,,,,,,,,,,,,,,,,,,,,,,,,,,,,,,,,,,,,,,,,,,,,,,,,,,,,,,,,,,,,,,,,,,,,,,,,,,,,,,,,,,,,,,,,,,,,0,,,,,0,,0
13,,"2021-09-14 18:20:11",60ea163b919cfeb8f686f5c9,61411fe24e7705e437b94b66,6140d2bf320df68dc96327b1,2,"2021-09-14 18:21:40",1,2,"2021-09-14 18:22:00",3,,23,1,,1,,Unemployed,0,0,0,0,1,0,0,2,"2021-09-14 18:23:25",1,100,2,,2,"2021-09-14 19:19:22",,5,9,8,4,1,2,5,1,1,6,4,4,4,2,2,3,2,1,4,4,2,3,8,6,4,7,4,3,3,1,2,1,1,3,3,3,2,4,3,3,1,2,10,2,2,10,2,1,7,2,1,6,1,1,1,6,6,5,8,7,6,8,7,2,8,1,2,3,3,3,8,3,1,2,2,4,2,2,2,5,2,1,7,3,1,6,2,5,1,1,3,5,1,6,3,3,2,1,2,4,1,2,1,3,1,2,2,2,1,1,1,1,2,1,1,2,3,2,5,5,4,3,3,1,2,1,3,2,1,7,2,1,6,2,1,2,2,1,2,2,1,3,8,8,5,3,4,1,9,9,1,8,9,2,10,10,5,2,2,6,2,2,2,2,1,2,2,1,5,2,2,5,3,3,3,7,5,4,7,5,6,6,3,4,5,3,2,2,2,1,4,4,1,2,1,2,3,2,2,2,3,2,1,2,7,3,3,5,4,3,1,4,4,6,1,2,1,1,2,1,2,2,9,2,3,4,3,5,4,2,2,10,3,3,10,2,3,4,4,4,3,4,3,7,3,3,8,2,3,10,2,1,1,8,9,1,10,10,1,3,3,4,2,3,2,3,3,4,2,1,6,3,2,4,3,3,2,6,4,1,5,4,6,2,2,1,1,2,3,6,4,5,5,4,5,3,3,5,2,3,3,1,2,7,3,3,5,2,3,4,2,2,2,3,2,8,3,3,6,5,6,3,1,3,2,2,3,2,5,4,4,2,3,5,4,2,4,3,2,5,4,4,7,3,4,2,8,5,5,3,4,7,3,4,5,2,3,8,1,2,2,"2021-09-14 19:20:28","I'm sure there were more identifiable patterns or implications of various elements in this study but my brain got tired ngl","Roughly? How we sort new/established information independently and when mixed","Not really, just a bit slow to load (probably me)",2,"2021-09-14 19:20:30",2
14,,"2021-09-14 18:20:25",610068e0cf2293e994184cf7,61412012ad61292ceb5c4c68,6140d2bf320df68dc96327b1,2,,,0,,,,,,,,,,0,0,0,0,0,0,0,0,,,,0,,0,,,,,,,,,,,,,,,,,,,,,,,,,,,,,,,,,,,,,,,,,,,,,,,,,,,,,,,,,,,,,,,,,,,,,,,,,,,,,,,,,,,,,,,,,,,,,,,,,,,,,,,,,,,,,,,,,,,,,,,,,,,,,,,,,,,,,,,,,,,,,,,,,,,,,,,,,,,,,,,,,,,,,,,,,,,,,,,,,,,,,,,,,,,,,,,,,,,,,,,,,,,,,,,,,,,,,,,,,,,,,,,,,,,,,,,,,,,,,,,,,,,,,,,,,,,,,,,,,,,,,,,,,,,,,,,,,,,,,,,,,,,,,,,,,,,,,,,,,,,,,,,,,,,,,,,,,,,,,,,,,,,,,,,,,,,,,,,,,,,,,,,,,,,,,,,,,,,,,,,,,,,0,,,,,0,,0
15,,"2021-09-14 18:20:54",61400952ef88b35ae8a3dbae,61411fc0b8fc848f48129a1b,6140d2bf320df68dc96327b1,2,"2021-09-14 18:21:17",1,2,"2021-09-14 18:24:16",2,,20,1,,1,,student,0,0,0,0,1,0,0,2,"2021-09-14 18:24:46",1,14,2,"2021-09-14 18:24:52",2,"2021-09-14 18:59:39",,9,9,9,9,1,3,8,1,4,7,6,6,3,1,5,4,4,5,1,8,7,1,9,10,7,6,9,1,9,4,3,2,5,8,4,3,3,5,6,7,1,2,9,3,4,7,3,1,9,1,1,9,1,1,1,8,8,4,7,7,4,8,8,2,7,3,2,1,2,1,5,5,7,1,2,6,1,2,1,4,3,1,6,4,1,4,3,7,1,2,2,4,1,7,3,3,4,1,1,5,1,1,4,1,1,2,2,1,1,1,1,1,2,1,3,2,2,1,6,5,7,1,4,5,1,2,4,1,2,8,1,1,5,1,1,1,1,1,1,1,2,5,6,8,9,3,5,1,9,9,1,9,9,1,9,10,5,10,8,8,2,2,6,1,2,5,2,2,6,1,2,7,2,2,5,6,6,1,4,4,6,4,4,7,3,4,5,3,3,3,4,2,1,1,1,3,1,1,6,2,2,5,2,2,8,3,1,7,3,2,2,2,2,6,2,1,5,1,1,5,2,1,8,2,2,6,1,2,6,1,1,8,2,3,9,2,3,8,4,4,7,5,4,7,1,2,8,2,2,9,1,2,1,8,8,1,9,9,6,1,1,6,2,2,6,2,2,7,9,1,7,1,2,8,2,2,6,3,3,1,5,4,7,2,2,7,1,1,2,4,3,8,4,4,6,2,2,7,2,2,3,1,3,5,2,2,7,2,2,7,2,2,6,2,2,9,3,2,8,5,4,6,2,3,6,2,2,6,1,2,6,2,2,8,2,1,7,1,1,7,1,1,8,1,3,3,6,3,7,2,2,7,2,2,7,1,1,7,1,1,2,"2021-09-14 19:00:01",nice,"color distinguishing",no,2,"2021-09-14 19:00:04",2
16,,"2021-09-14 18:21:00",610068e0cf2293e994184cf7,61412012ad61292ceb5c4c68,6140d2bf320df68dc96327b1,2,"2021-09-14 18:21:51",1,2,"2021-09-14 18:22:37",2,,20,1,,1,,"Clinic Assistant in Neurorehabilitation Center ",0,0,0,0,1,0,0,2,"2021-09-14 18:23:14",1,95,2,,0,,,,,,,,,,,,,,,,,,,,,,,,,,,,,,,,,,,,,,,,,,,,,,,,,,,,,,,,,,,,,,,,,,,,,,,,,,,,,,,,,,,,,,,,,,,,,,,,,,,,,,,,,,,,,,,,,,,,,,,,,,,,,,,,,,,,,,,,,,,,,,,,,,,,,,,,,,,,,,,,,,,,,,,,,,,,,,,,,,,,,,,,,,,,,,,,,,,,,,,,,,,,,,,,,,,,,,,,,,,,,,,,,,,,,,,,,,,,,,,,,,,,,,,,,,,,,,,,,,,,,,,,,,,,,,,,,,,,,,,,,,,,,,,,,,,,,,,,,,,,,,,,,,,,,,,,,,,,,,,,,,,,,,,,,,,,,,,,,,,,,,,,,,,,,,,,,,,,,,,,,,,0,,,,,0,,0
17,,"2021-09-14 18:21:08",610170b43418c37241084d4d,61412029b8fc848f48129a20,6140d2bf320df68dc96327b1,2,,,0,,,,,,,,,,0,0,0,0,0,0,0,0,,,,0,,0,,,,,,,,,,,,,,,,,,,,,,,,,,,,,,,,,,,,,,,,,,,,,,,,,,,,,,,,,,,,,,,,,,,,,,,,,,,,,,,,,,,,,,,,,,,,,,,,,,,,,,,,,,,,,,,,,,,,,,,,,,,,,,,,,,,,,,,,,,,,,,,,,,,,,,,,,,,,,,,,,,,,,,,,,,,,,,,,,,,,,,,,,,,,,,,,,,,,,,,,,,,,,,,,,,,,,,,,,,,,,,,,,,,,,,,,,,,,,,,,,,,,,,,,,,,,,,,,,,,,,,,,,,,,,,,,,,,,,,,,,,,,,,,,,,,,,,,,,,,,,,,,,,,,,,,,,,,,,,,,,,,,,,,,,,,,,,,,,,,,,,,,,,,,,,,,,,,,,,,,,,,0,,,,,0,,0
18,,"2021-09-14 18:21:51",60fe3799642da04fc85c5dbc,6141206e49f657b180fe2fa7,6140d2bf320df68dc96327b1,2,"2021-09-14 18:22:02",1,2,"2021-09-14 18:22:19",2,,18,1,,1,,"College Student",0,0,0,0,1,0,0,2,"2021-09-14 18:22:59",1,59,2,,2,"2021-09-14 19:33:47",,8,7,8,9,1,2,9,1,2,6,3,3,6,3,2,6,2,2,3,3,2,4,8,7,7,4,4,3,1,1,3,1,2,8,2,3,3,3,3,7,1,2,10,3,2,8,2,1,10,2,1,10,2,1,2,8,8,8,8,8,8,8,8,3,4,2,5,5,4,4,8,5,3,3,2,5,3,2,5,5,3,4,8,6,4,7,4,8,2,1,3,3,1,6,4,2,6,2,2,7,2,2,4,3,2,5,4,2,3,2,1,4,2,1,4,3,2,4,7,7,7,3,2,2,2,2,4,2,2,10,3,2,6,2,2,2,2,1,2,2,1,5,7,8,8,4,3,3,10,10,4,10,10,3,10,10,8,2,2,9,2,2,7,2,1,6,2,1,7,1,1,7,2,1,6,8,7,7,8,7,8,8,6,5,6,5,7,5,3,4,5,4,3,2,1,3,2,2,5,3,2,5,3,2,7,2,2,7,5,3,4,7,5,8,2,2,4,2,2,4,2,2,8,2,2,5,3,2,6,3,2,10,3,3,10,3,3,6,4,4,5,3,3,8,2,2,8,3,3,9,3,2,3,8,8,2,10,10,5,3,3,7,3,3,5,3,3,7,3,2,8,2,2,5,3,2,4,4,4,2,4,4,7,2,2,4,2,2,3,4,3,7,4,4,5,3,3,5,3,3,7,2,2,7,3,2,6,3,2,6,3,2,7,3,2,8,3,3,7,5,4,7,3,2,4,2,2,6,3,3,5,2,2,4,2,2,7,3,2,6,3,2,8,3,3,5,8,5,7,3,3,5,3,2,6,2,2,9,2,2,2,"2021-09-14 19:34:18",Interesting,"See how differently people see things","Not really",2,,0
19,,"2021-09-14 18:22:18",610841e68872e8bf089d0a6b,6141205354ffc81a64645056,6140d2bf320df68dc96327b1,2,"2021-09-14 18:22:34",1,2,"2021-09-14 18:22:55",2,,18,1,,1,,cashier,0,0,0,0,1,0,0,2,"2021-09-14 18:23:57",1,82,2,,0,,,,,,,,,,,,,,,,,,,,,,,,,,,,,,,,,,,,,,,,,,,,,,,,,,,,,,,,,,,,,,,,,,,,,,,,,,,,,,,,,,,,,,,,,,,,,,,,,,,,,,,,,,,,,,,,,,,,,,,,,,,,,,,,,,,,,,,,,,,,,,,,,,,,,,,,,,,,,,,,,,,,,,,,,,,,,,,,,,,,,,,,,,,,,,,,,,,,,,,,,,,,,,,,,,,,,,,,,,,,,,,,,,,,,,,,,,,,,,,,,,,,,,,,,,,,,,,,,,,,,,,,,,,,,,,,,,,,,,,,,,,,,,,,,,,,,,,,,,,,,,,,,,,,,,,,,,,,,,,,,,,,,,,,,,,,,,,,,,,,,,,,,,,,,,,,,,,,,,,,,,,0,,,,,0,,0
20,,"2021-09-14 18:26:00",6111b0772abddb93c39f3737,614121502093ade0e671d0a6,6140d2bf320df68dc96327b1,2,"2021-09-14 18:26:25",1,2,,,,,,,,,,0,0,0,0,0,0,0,0,,,,0,,2,,,,,,,,,,,,,,,,,,,,,,,,,,,,,,,,,,,,,,,,,,,,,,,,,,,,,,,,,,,,,,,,,,,,,,,,,,,,,,,,,,,,,,,,,,,,,,,,,,,,,,,,,,,,,,,,,,,,,,,,,,,,,,,,,,,,,,,,,,,,,,,,,,,,,,,,,,,,,,,,,,,,,,,,,,,,,,,,,,,,,,,,,,,,,,,,,,,,,,,,,,,,,,,,,,,,,,,,,,,,,,,,,,,,,,,,,,,,,,,,,,,,,,,,,,,,,,,,,,,,,,,,,,,,,,,,,,,,,,,,,,,,,,,,,,,,,,,,,,,,,,,,,,,,,,,,,,,,,,,,,,,,,,,,,,,,,,,,,,,,,,,,,,,,,,,,,,,,,,,,,,,0,,,,,0,,0
21,,"2021-09-14 18:32:02",61088642e39b8fe0056a7cb3,614122b79fe5e4f09860c7ee,6140d2bf320df68dc96327b1,2,"2021-09-14 18:32:32",1,2,"2021-09-14 18:33:07",2,,21,1,,1,,"Catering company worker",0,0,0,0,1,0,0,2,"2021-09-14 18:34:10",1,82,2,,0,,,,,,,,,,,,,,,,,,,,,,,,,,,,,,,,,,,,,,,,,,,,,,,,,,,,,,,,,,,,,,,,,,,,,,,,,,,,,,,,,,,,,,,,,,,,,,,,,,,,,,,,,,,,,,,,,,,,,,,,,,,,,,,,,,,,,,,,,,,,,,,,,,,,,,,,,,,,,,,,,,,,,,,,,,,,,,,,,,,,,,,,,,,,,,,,,,,,,,,,,,,,,,,,,,,,,,,,,,,,,,,,,,,,,,,,,,,,,,,,,,,,,,,,,,,,,,,,,,,,,,,,,,,,,,,,,,,,,,,,,,,,,,,,,,,,,,,,,,,,,,,,,,,,,,,,,,,,,,,,,,,,,,,,,,,,,,,,,,,,,,,,,,,,,,,,,,,,,,,,,,,0,,,,,0,,0
22,,"2021-09-14 18:33:21",6111b0772abddb93c39f3737,614121502093ade0e671d0a6,6140d2bf320df68dc96327b1,2,"2021-09-14 18:35:26",1,2,"2021-09-14 18:36:31",2,,19,1,,1,,student,0,0,0,0,1,0,0,2,"2021-09-14 18:37:10",1,75,2,"2021-09-14 19:42:22",2,"2021-09-14 19:42:12",,8,9,8,7,1,2,7,1,2,9,1,3,4,1,1,3,2,2,2,3,2,4,9,8,6,7,6,2,1,1,2,1,1,2,3,3,2,3,5,3,1,1,10,1,1,10,1,1,10,1,1,4,1,1,1,5,9,5,8,10,5,9,10,2,9,3,1,2,3,1,10,7,3,1,2,5,1,2,1,9,2,1,10,2,1,10,2,2,1,1,2,2,1,7,2,3,2,1,1,2,1,1,2,1,1,1,1,1,1,1,1,1,1,1,1,2,1,2,10,9,5,1,4,1,1,1,1,1,1,10,1,2,3,1,1,1,1,1,1,1,1,2,9,9,9,6,7,1,10,10,1,10,10,1,10,10,4,1,2,4,1,2,2,1,1,3,1,1,3,1,2,5,1,2,4,8,8,4,10,8,3,4,3,2,4,3,4,2,2,3,5,2,1,1,1,2,1,1,3,1,1,2,1,2,2,1,1,5,5,2,1,8,6,10,1,1,1,1,1,1,1,1,8,1,1,2,1,2,2,1,1,9,1,2,10,1,2,8,7,5,6,4,2,10,2,1,5,1,2,10,1,1,1,10,10,1,10,10,1,1,2,7,2,4,2,2,4,4,1,1,2,1,1,4,1,2,1,3,2,1,4,3,6,2,1,1,1,1,1,3,2,4,3,2,4,2,2,4,1,1,1,1,1,4,2,2,5,1,2,5,1,1,4,1,1,7,2,2,4,4,4,3,1,2,2,1,2,2,2,2,3,2,2,2,2,2,3,1,1,6,4,2,4,1,3,2,10,5,7,2,2,2,1,2,5,1,2,5,1,1,2,"2021-09-14 19:43:34","Very surprised with how simple the tasks were","With what we associate objects as",nope!,2,"2021-09-14 19:43:37",2
23,,"2021-09-14 18:34:39",60fcefe8618cbfe7ea808118,614123452253ed151564d3f9,6140d2bf320df68dc96327b1,2,"2021-09-14 18:34:45",1,2,"2021-09-14 18:35:04",2,,22,1,,1,,"Surgical assistant",0,0,0,0,1,0,0,2,"2021-09-14 18:35:21",1,80,2,,0,,,,,,,,,,,,,,,,,,,,,,,,,,,,,,,,,,,,,,,,,,,,,,,,,,,,,,,,,,,,,,,,,,,,,,,,,,,,,,,,,,,,,,,,,,,,,,,,,,,,,,,,,,,,,,,,,,,,,,,,,,,,,,,,,,,,,,,,,,,,,,,,,,,,,,,,,,,,,,,,,,,,,,,,,,,,,,,,,,,,,,,,,,,,,,,,,,,,,,,,,,,,,,,,,,,,,,,,,,,,,,,,,,,,,,,,,,,,,,,,,,,,,,,,,,,,,,,,,,,,,,,,,,,,,,,,,,,,,,,,,,,,,,,,,,,,,,,,,,,,,,,,,,,,,,,,,,,,,,,,,,,,,,,,,,,,,,,,,,,,,,,,,,,,,,,,,,,,,,,,,,,0,,,,,0,,0
24,,"2021-09-14 18:39:55",61077680055c4cbdddb24aae,61412495a47f736004225e38,6140d2bf320df68dc96327b1,2,"2021-09-14 18:40:50",1,2,"2021-09-14 18:41:13",2,,24,1,,1,,Dancer,0,0,0,1,1,0,0,2,"2021-09-14 18:41:57",1,100,2,,2,"2021-09-14 20:04:03",,6,7,7,1,1,2,1,1,3,4,5,4,2,3,2,1,3,1,1,5,2,2,8,7,5,8,7,2,2,1,2,1,2,3,3,3,2,7,6,2,1,3,10,2,2,9,2,1,8,4,1,2,3,2,1,8,8,2,8,8,4,8,8,2,6,3,2,3,3,1,8,6,2,2,3,4,2,3,2,4,3,1,9,4,2,9,3,4,1,1,2,6,1,6,3,4,2,1,1,2,1,2,2,3,1,2,3,2,1,3,1,1,3,1,1,3,5,2,8,7,8,2,2,1,2,2,3,2,1,10,1,2,2,3,2,1,1,1,1,1,2,3,8,8,10,3,4,1,9,9,1,9,9,1,9,9,6,2,2,5,2,2,1,2,1,2,3,3,4,2,1,4,2,3,1,8,5,2,8,6,6,8,3,5,7,3,3,4,3,1,6,4,2,3,1,1,3,2,3,4,3,2,4,3,5,4,3,5,5,4,2,9,6,10,1,2,1,2,2,1,4,3,9,4,3,3,3,3,3,3,3,9,3,4,10,3,4,9,6,5,7,6,5,9,3,3,7,4,3,10,3,1,1,10,10,1,10,10,2,3,3,5,4,4,3,3,4,7,2,1,4,3,2,4,4,4,3,7,5,1,6,5,8,1,2,1,2,1,2,5,2,4,5,3,6,3,3,6,2,4,3,1,2,6,4,4,6,4,4,6,4,3,5,4,3,8,4,3,6,8,5,3,2,3,2,3,3,3,4,2,2,4,3,3,2,3,3,2,2,4,4,4,5,4,4,2,8,3,5,3,4,4,3,3,5,3,4,6,4,3,2,"2021-09-14 20:05:03","it was pretty long (esp. the last part...) but easy to understand","to understand how people group/judge things on first impression",no,2,,0
25,,"2021-09-14 18:45:57",614108f77f02135189a295ec,61412609cbb41d9df36dcf6c,6140d2bf320df68dc96327b1,2,,,0,,,,,,,,,,0,0,0,0,0,0,0,0,,,,0,,2,,,,,,,,,,,,,,,,,,,,,,,,,,,,,,,,,,,,,,,,,,,,,,,,,,,,,,,,,,,,,,,,,,,,,,,,,,,,,,,,,,,,,,,,,,,,,,,,,,,,,,,,,,,,,,,,,,,,,,,,,,,,,,,,,,,,,,,,,,,,,,,,,,,,,,,,,,,,,,,,,,,,,,,,,,,,,,,,,,,,,,,,,,,,,,,,,,,,,,,,,,,,,,,,,,,,,,,,,,,,,,,,,,,,,,,,,,,,,,,,,,,,,,,,,,,,,,,,,,,,,,,,,,,,,,,,,,,,,,,,,,,,,,,,,,,,,,,,,,,,,,,,,,,,,,,,,,,,,,,,,,,,,,,,,,,,,,,,,,,,,,,,,,,,,,,,,,,,,,,,,,,0,,,,,0,,0
26,,"2021-09-14 18:46:21",6140e85de611a8d1aa7ebc12,6141262b28edfa4e282883ab,6140d2bf320df68dc96327b1,2,"2021-09-14 18:46:43",1,2,"2021-09-14 18:47:13",2,,21,1,,1,,Student,0,0,0,0,1,0,0,2,"2021-09-14 18:48:01",1,85,2,,2,"2021-09-14 19:51:15",,7,8,9,4,1,1,3,1,1,7,3,2,1,2,1,1,3,2,1,5,3,6,10,9,5,7,10,1,1,2,1,1,1,5,2,3,1,4,4,6,1,2,10,3,1,10,2,1,7,1,1,6,1,2,2,8,8,5,8,9,9,8,8,2,7,3,4,3,5,3,8,7,1,2,3,8,2,3,1,7,3,1,10,5,2,7,2,6,2,1,1,5,1,8,4,3,1,2,1,1,2,1,2,3,1,2,5,3,1,2,1,2,3,1,1,3,7,1,9,6,9,4,2,1,2,2,1,2,2,7,4,3,4,2,2,1,1,1,1,3,1,3,8,7,7,7,7,2,10,9,1,10,9,1,10,10,3,3,3,3,3,3,2,2,2,3,2,3,2,2,1,3,2,1,2,8,4,2,8,4,4,7,3,4,5,3,4,5,2,1,5,6,1,1,1,1,2,1,2,2,1,2,2,3,5,3,2,4,4,4,1,10,4,10,1,1,1,2,2,1,3,2,8,2,1,3,2,4,1,1,3,10,2,4,10,2,4,10,7,6,10,6,5,8,3,2,9,4,3,9,2,1,1,9,10,1,10,10,1,3,4,6,3,5,6,3,5,4,2,2,3,2,3,4,3,3,4,6,3,1,8,6,4,2,2,1,2,2,1,5,4,4,5,4,4,3,2,4,2,3,2,1,3,7,3,3,5,2,4,5,3,4,4,2,3,6,3,4,4,3,4,3,3,2,3,2,3,2,3,3,4,2,3,3,3,2,2,2,2,6,4,3,3,3,3,2,7,5,4,3,3,3,4,3,4,3,2,6,2,2,2,"2021-09-14 19:52:00","It was interesting","How do people associate made up words with images?",No,2,,0
27,,"2021-09-14 18:46:29",5e9e09c90b07401b5b7dcd8b,61412623d282bcc91b97a66d,6140d2bf320df68dc96327b1,2,"2021-09-14 18:47:09",1,2,"2021-09-14 18:47:25",1,,21,1,,1,,Student,0,0,0,0,1,0,0,2,"2021-09-14 18:48:07",1,91,2,,2,"2021-09-14 19:33:12",,5,7,4,3,2,2,4,2,2,4,3,2,2,3,2,2,3,1,2,4,1,4,5,4,5,6,5,2,7,2,2,2,2,3,2,3,3,6,3,2,1,2,8,3,2,9,2,1,6,3,1,4,3,2,1,5,4,3,6,4,7,4,5,2,7,2,2,3,3,2,8,4,3,1,2,4,1,2,3,6,3,1,9,2,2,8,2,3,1,1,3,5,1,4,3,3,2,1,2,2,1,2,2,2,1,3,3,1,1,2,1,1,2,1,1,3,3,2,6,4,5,3,3,1,1,3,2,1,1,6,2,2,4,2,2,2,2,1,3,2,1,3,7,5,5,3,3,2,10,7,2,10,9,2,10,9,3,1,2,3,1,2,1,2,2,2,1,2,1,2,2,2,2,2,3,7,4,2,8,4,3,6,2,2,4,2,4,5,2,1,6,2,1,1,1,2,2,2,2,1,2,2,1,2,4,3,2,4,7,2,2,9,3,9,1,2,1,1,1,2,1,2,7,3,2,3,4,3,2,2,2,9,3,2,10,3,2,8,9,5,9,8,3,10,3,2,6,3,2,9,4,2,2,10,8,2,10,9,2,2,2,4,2,2,3,2,2,5,2,1,2,2,2,3,2,2,4,4,3,2,6,3,8,2,1,1,1,1,2,4,2,4,4,2,4,2,2,4,2,2,2,1,2,4,3,2,5,2,2,3,1,2,3,3,2,6,4,2,4,5,3,3,2,2,2,2,2,3,4,2,4,1,2,3,2,2,1,4,2,4,4,2,3,3,2,2,9,3,3,2,3,3,3,2,4,1,2,8,1,2,2,"2021-09-14 19:34:02","I have done a similar study sorting random objects by shapes, so this wasn't something new to me completely.","To see where the brain makes connections naturally between objects.",No.,2,"2021-09-14 19:34:04",2
28,,"2021-09-14 18:46:35",614108f77f02135189a295ec,61412609cbb41d9df36dcf6c,6140d2bf320df68dc96327b1,2,"2021-09-14 18:46:45",1,2,"2021-09-14 18:47:03",2,,21,1,,1,,student,0,0,0,0,1,0,0,2,"2021-09-14 18:47:51",1,100,2,"2021-09-14 19:40:42",2,"2021-09-14 19:40:26",,7,8,8,3,1,1,3,1,1,5,3,2,2,1,1,2,1,1,2,1,1,2,7,7,5,6,7,2,1,1,2,1,1,2,2,3,3,5,5,2,1,1,10,2,1,7,1,1,5,1,1,2,1,1,1,4,8,3,4,8,4,5,8,2,6,1,1,1,3,2,10,9,1,1,1,4,1,1,2,4,1,1,10,3,1,9,4,3,1,1,1,4,1,5,2,2,2,1,1,2,1,1,2,1,1,2,2,1,1,1,1,1,1,1,1,3,2,1,10,10,4,3,5,1,1,1,2,1,1,3,1,1,3,1,1,1,1,1,1,1,1,2,8,8,4,6,5,1,10,10,1,10,10,1,10,10,2,1,1,2,1,1,2,1,1,2,1,1,3,1,1,2,1,1,2,10,8,2,10,8,5,9,4,3,7,4,4,3,1,1,6,2,1,1,1,2,1,1,2,1,1,1,2,1,3,3,1,3,3,2,1,10,3,8,2,2,2,1,1,1,2,1,9,2,2,1,1,1,2,2,1,5,2,3,10,2,3,4,6,5,1,6,4,7,1,1,6,2,2,9,2,1,1,10,10,1,10,10,2,2,2,4,2,2,2,2,2,3,2,1,4,1,1,4,2,2,2,6,3,1,8,3,7,1,1,1,1,1,1,5,2,5,4,2,3,2,1,3,2,1,1,1,1,2,2,1,3,2,1,2,1,1,3,3,1,6,3,2,3,4,3,2,1,1,1,1,1,1,1,1,2,1,1,1,2,1,3,1,1,3,3,1,3,2,1,2,8,5,4,3,2,4,2,1,3,2,1,4,1,1,2,"2021-09-14 19:41:20","very repetitive but not bad","how people categorize things in their brain",no,2,"2021-09-14 19:41:25",2
29,,"2021-09-14 18:47:03",612920969dd11ffbe0de83ad,614126061f8f6974f2b248d9,6140d2bf320df68dc96327b1,2,"2021-09-14 18:54:26",1,2,"2021-09-14 18:55:18",2,,25,1,,1,,grocery,0,0,0,0,1,0,0,2,"2021-09-14 18:56:32",1,88,2,,2,"2021-09-14 20:04:34",,7,8,9,10,1,2,8,1,1,3,3,3,1,3,1,2,3,2,3,5,3,2,5,9,10,10,10,5,10,4,1,1,1,4,6,7,2,3,2,8,2,2,10,1,2,10,2,1,10,2,1,10,4,1,2,10,6,3,10,6,8,10,9,5,10,4,1,5,4,1,10,8,2,1,1,4,1,1,1,10,4,1,10,7,3,10,4,5,1,1,4,10,2,6,4,1,8,3,2,7,1,1,2,2,2,4,5,3,1,1,1,1,1,1,2,2,1,1,10,10,8,4,7,10,1,2,10,3,2,10,2,3,2,2,2,1,2,1,1,2,1,1,10,10,10,8,4,1,10,10,1,10,10,1,10,10,10,3,1,10,3,2,10,1,1,1,1,1,10,2,1,10,1,1,3,10,10,10,10,10,10,2,2,10,2,2,8,3,2,1,4,1,1,1,1,1,1,1,3,1,1,1,1,1,1,1,1,2,5,3,1,10,6,10,4,2,1,1,1,1,1,1,10,1,1,5,3,2,2,2,1,6,1,1,10,2,1,10,5,2,4,10,1,10,3,1,10,1,1,9,1,1,1,10,10,1,10,10,1,1,1,7,1,1,2,1,1,5,3,1,1,1,1,7,1,1,1,5,1,1,2,1,7,1,1,1,1,1,1,2,1,5,1,1,5,2,1,4,2,1,3,1,1,6,2,2,3,2,2,2,2,2,1,1,1,6,3,1,5,6,3,1,1,1,1,1,1,4,2,2,4,2,1,1,1,1,4,4,1,3,9,2,8,5,2,1,10,6,10,6,1,5,5,1,6,1,1,10,1,1,2,"2021-09-14 20:06:10","it was easy to do","colors, expensive and size",None,2,"2021-09-14 20:06:18",2
30,,"2021-09-14 18:58:54",612d2a4c1782eb6959e30029,61412922d7ba068226fc1c69,6140d2bf320df68dc96327b1,2,"2021-09-14 19:01:01",1,2,,,,,,,,,,0,0,0,0,0,0,0,0,,,,0,,0,,,,,,,,,,,,,,,,,,,,,,,,,,,,,,,,,,,,,,,,,,,,,,,,,,,,,,,,,,,,,,,,,,,,,,,,,,,,,,,,,,,,,,,,,,,,,,,,,,,,,,,,,,,,,,,,,,,,,,,,,,,,,,,,,,,,,,,,,,,,,,,,,,,,,,,,,,,,,,,,,,,,,,,,,,,,,,,,,,,,,,,,,,,,,,,,,,,,,,,,,,,,,,,,,,,,,,,,,,,,,,,,,,,,,,,,,,,,,,,,,,,,,,,,,,,,,,,,,,,,,,,,,,,,,,,,,,,,,,,,,,,,,,,,,,,,,,,,,,,,,,,,,,,,,,,,,,,,,,,,,,,,,,,,,,,,,,,,,,,,,,,,,,,,,,,,,,,,,,,,,,,0,,,,,0,,0
31,,"2021-09-14 18:59:13",60fda91b12a5c6c683f2f9ca,614129304a272b1c8555038c,6140d2bf320df68dc96327b1,2,"2021-09-14 18:59:45",1,2,"2021-09-14 18:59:59",2,,24,1,,1,,Teacher,0,0,0,0,1,0,0,2,"2021-09-14 19:00:25",1,79,2,,2,"2021-09-14 19:54:37",,3,5,6,7,1,2,6,1,1,7,3,6,2,2,2,4,2,2,2,3,3,2,4,6,4,4,6,2,3,2,3,2,2,3,3,3,3,4,3,3,1,2,8,4,4,10,2,3,7,2,2,4,2,2,2,6,7,4,8,8,6,6,7,4,6,4,3,2,4,3,6,6,3,3,4,5,3,3,1,8,4,1,9,3,2,8,5,3,1,2,3,4,3,5,4,4,2,2,3,2,2,3,2,3,3,2,3,3,1,2,2,2,1,2,1,4,5,2,6,6,5,4,4,1,2,2,2,2,2,8,3,3,2,2,3,2,1,1,2,2,2,2,6,6,5,5,5,2,9,9,1,9,9,2,9,9,2,2,2,2,2,2,1,2,2,3,3,3,2,2,2,2,2,2,3,6,5,2,7,5,2,5,3,2,3,3,3,10,10,2,5,5,2,1,2,2,3,2,3,3,3,2,3,3,3,3,3,4,4,4,2,7,5,8,3,3,2,2,3,1,3,3,7,3,4,2,2,2,2,2,2,8,2,4,9,2,3,5,5,5,2,5,4,8,4,4,6,4,4,8,4,3,2,9,8,2,8,8,1,2,3,5,4,4,2,4,4,7,4,4,3,3,3,3,4,4,2,6,6,1,6,6,4,2,3,1,2,2,2,5,4,4,5,4,4,4,4,4,3,4,2,1,3,5,4,4,5,3,4,4,3,4,3,4,4,8,4,4,5,6,6,3,3,3,2,3,3,2,4,4,4,3,3,3,3,3,2,1,3,2,4,3,2,3,3,2,7,7,5,4,4,3,3,4,5,3,3,8,2,4,2,"2021-09-14 19:54:58","It was very interesting. It made me think.","To study how people think.",No,2,"2021-09-14 19:55:02",2
32,,"2021-09-14 19:01:12",609d9fe301f9ef27d7285081,6141298a7422261809eabfe7,6140d2bf320df68dc96327b1,2,"2021-09-14 19:01:54",1,2,"2021-09-14 19:02:14",2,,21,1,,1,,"Graphic Designer",0,0,0,0,1,0,0,2,"2021-09-14 19:02:42",1,100,2,,2,"2021-09-14 19:52:27",,5,8,5,6,2,3,6,2,3,5,3,4,2,4,3,1,2,2,1,3,2,2,5,4,6,5,5,2,7,2,2,2,2,4,2,4,2,4,3,5,2,3,9,3,2,8,3,1,7,3,2,6,2,2,1,5,5,3,5,5,5,5,5,3,7,2,2,2,4,2,7,5,1,2,3,3,2,3,1,5,2,1,7,2,1,5,2,5,1,1,2,4,2,5,4,3,3,2,2,3,2,2,1,3,1,3,5,2,1,2,1,1,4,3,1,2,3,1,6,5,6,2,3,1,1,2,3,1,2,7,2,2,5,2,2,1,2,1,1,2,1,3,6,4,8,3,3,1,8,8,1,8,7,2,8,8,5,2,2,5,2,2,3,2,1,3,2,2,4,2,2,3,2,2,2,5,5,4,6,5,7,5,3,5,3,3,5,3,2,1,6,3,1,1,2,1,2,1,2,2,3,2,1,2,4,3,2,3,4,2,1,6,3,9,2,2,2,1,2,2,2,2,5,3,2,4,2,3,3,2,2,7,3,3,8,3,3,8,5,4,2,6,5,8,2,2,5,3,3,8,2,2,2,7,7,2,9,9,2,3,3,3,2,3,2,2,3,4,1,1,4,2,2,3,2,2,2,5,2,1,5,2,4,2,2,1,2,2,2,3,3,4,3,3,3,3,3,4,2,3,3,2,2,4,3,2,4,2,2,4,2,2,4,2,2,6,3,2,6,3,4,3,1,2,2,2,2,4,1,2,3,2,2,2,2,2,4,2,1,4,4,3,5,2,3,2,7,4,4,3,3,3,5,2,4,2,2,8,1,2,2,"2021-09-14 19:53:09","Very interesting albiet confusing","To identify common associations and the severity of those assocaiations?","No :)",2,"2021-09-14 19:53:16",2
33,,"2021-09-14 19:05:50",613d08ebdc5fd6eec95cfaf5,61412aa96c134aa1aa5a12cb,6140d2bf320df68dc96327b1,2,"2021-09-14 19:06:28",1,2,"2021-09-14 19:06:50",2,,23,1,,1,,"public health worker",0,0,0,0,1,0,0,2,"2021-09-14 19:07:28",1,90,2,,2,"2021-09-14 19:59:12",,6,6,5,5,1,1,4,1,1,4,3,3,2,3,1,3,3,2,3,4,3,3,6,6,6,7,7,3,2,1,3,2,2,8,4,4,4,4,5,5,1,2,10,3,2,9,3,3,7,3,2,5,2,1,1,8,9,6,8,9,7,9,8,4,7,3,6,4,4,4,8,7,3,2,2,7,2,2,3,7,3,2,10,4,4,8,2,7,1,1,3,6,3,6,5,3,2,1,2,2,1,2,2,1,1,4,5,3,1,1,1,2,3,1,2,4,4,3,7,8,8,2,3,3,1,2,4,1,1,9,3,2,6,3,2,2,1,1,2,3,2,6,9,7,10,5,4,3,10,10,2,10,10,3,10,10,8,3,3,8,3,3,4,2,3,6,4,2,7,2,3,2,3,3,3,7,7,6,8,6,7,6,3,5,5,3,6,4,4,2,6,4,2,1,2,4,3,3,4,3,3,3,3,2,6,4,3,4,5,3,3,9,4,9,2,3,3,2,1,2,2,2,8,3,3,6,2,1,4,2,1,9,2,3,10,2,3,6,6,4,4,7,4,8,3,2,8,3,2,9,2,2,2,10,9,2,10,9,2,3,4,6,3,4,2,3,4,8,2,1,6,2,2,4,3,3,4,7,4,2,6,4,7,2,2,2,1,1,2,6,4,8,5,4,6,3,2,6,2,2,4,1,2,6,4,3,6,2,3,7,2,2,4,3,2,8,3,2,6,6,5,7,2,4,2,3,3,7,4,3,7,2,2,2,3,2,5,2,1,6,5,4,6,3,3,3,8,5,6,2,3,4,4,4,7,2,2,7,2,2,2,"2021-09-14 19:59:53","Kind of boring","Whether categorizing according to a particular variable affects how objects are sorted afterwards",,2,"2021-09-14 19:59:55",2
34,,"2021-09-14 19:14:00",613d949034404ec91bee5e09,61412c84cd0355d61df6960f,6140d2bf320df68dc96327b1,2,"2021-09-14 19:14:11",1,2,"2021-09-14 19:14:32",3,,23,1,,1,,"copyeditor and student ",0,0,0,0,1,0,0,2,"2021-09-14 19:15:33",1,100,2,,2,"2021-09-14 20:08:25",,6,7,4,6,1,2,5,1,2,7,3,4,3,1,2,2,1,2,2,1,2,2,7,5,6,6,6,2,4,1,3,1,2,7,2,3,2,4,4,7,1,3,10,3,3,10,2,1,8,1,2,7,1,2,1,8,8,6,8,8,7,8,8,2,7,3,4,2,3,1,8,6,3,2,3,4,2,3,2,5,2,2,9,4,2,6,3,6,3,1,2,5,1,8,3,4,3,1,2,3,2,2,4,4,1,4,4,2,2,3,1,3,3,1,1,4,3,1,8,7,6,2,4,1,2,2,4,3,1,7,1,2,6,2,2,1,2,1,1,2,1,4,8,8,7,5,5,1,9,9,1,9,9,1,9,9,6,4,2,6,1,2,6,2,2,5,3,3,7,4,3,5,5,4,2,8,7,3,7,5,6,6,3,7,6,4,5,4,2,1,5,3,1,2,1,4,3,1,3,2,2,4,2,3,7,4,2,7,4,4,1,7,4,6,2,2,3,1,2,3,1,2,8,1,3,3,2,3,5,3,3,10,2,3,10,2,3,6,6,5,2,5,5,8,3,3,9,3,4,10,2,2,1,8,9,1,10,10,2,2,4,6,3,5,3,4,5,5,1,1,7,2,3,4,6,3,2,6,3,1,7,5,8,1,2,3,1,2,2,5,3,7,5,4,3,3,3,5,2,3,5,1,3,5,3,3,4,2,4,5,2,3,3,2,3,7,3,4,8,5,5,3,2,3,2,3,4,5,3,3,4,3,3,3,4,3,7,3,2,8,4,4,8,3,4,3,9,5,6,2,3,6,4,5,4,2,3,9,1,3,2,"2021-09-14 20:08:59","It was interesting!","Understanding how people differentiate between things?",Nope!,2,,0
35,,"2021-09-14 19:15:13",613fc1503973ef3a8c896c6e,61412cf8c289e9f3355f928f,6140d2bf320df68dc96327b1,2,"2021-09-14 19:16:35",1,2,"2021-09-14 19:17:13",2,,25,1,,1,,Nurse,0,0,0,0,1,0,0,2,"2021-09-14 19:17:26",1,100,2,,0,,,,,,,,,,,,,,,,,,,,,,,,,,,,,,,,,,,,,,,,,,,,,,,,,,,,,,,,,,,,,,,,,,,,,,,,,,,,,,,,,,,,,,,,,,,,,,,,,,,,,,,,,,,,,,,,,,,,,,,,,,,,,,,,,,,,,,,,,,,,,,,,,,,,,,,,,,,,,,,,,,,,,,,,,,,,,,,,,,,,,,,,,,,,,,,,,,,,,,,,,,,,,,,,,,,,,,,,,,,,,,,,,,,,,,,,,,,,,,,,,,,,,,,,,,,,,,,,,,,,,,,,,,,,,,,,,,,,,,,,,,,,,,,,,,,,,,,,,,,,,,,,,,,,,,,,,,,,,,,,,,,,,,,,,,,,,,,,,,,,,,,,,,,,,,,,,,,,,,,,,,,0,,,,,0,,0
36,,"2021-09-14 19:15:20",613a57a3d918106d2061aa2b,61412cdff13d4aec6ae6dbf1,6140d2bf320df68dc96327b1,2,"2021-09-14 19:17:37",1,2,"2021-09-14 19:18:42",1,,18,1,,2,3,Student,0,0,0,0,1,0,0,2,"2021-09-14 19:19:36",1,100,2,,2,"2021-09-14 20:29:44",,8,7,8,10,1,3,8,1,2,8,4,4,3,1,2,2,3,5,5,4,5,8,7,6,9,5,5,7,3,3,5,1,3,9,2,5,4,2,4,10,1,5,10,3,3,10,2,1,10,1,1,9,2,1,4,5,5,7,6,5,8,8,6,9,10,5,4,2,3,5,8,6,5,1,2,7,2,2,4,3,4,3,8,5,3,3,3,9,1,2,5,5,2,7,3,4,4,1,4,5,2,5,4,2,5,6,3,5,3,1,2,4,3,4,3,3,6,4,6,5,8,4,6,4,1,3,6,2,2,10,2,4,8,2,2,3,1,1,3,1,3,6,4,4,10,4,3,4,10,6,4,9,7,4,10,5,9,1,4,10,1,5,8,1,2,6,1,1,8,2,3,5,1,2,7,4,5,8,8,6,9,8,5,9,4,5,9,4,2,5,6,4,2,2,2,3,1,2,4,2,2,4,2,2,6,3,3,8,3,4,5,9,4,10,2,5,4,2,3,4,3,3,9,3,3,6,1,3,5,2,2,9,2,2,10,3,2,9,4,4,7,4,3,10,3,3,9,2,3,10,3,3,6,9,7,4,10,6,5,2,3,8,3,3,7,3,3,9,4,2,9,2,3,8,3,3,6,4,3,3,6,3,10,1,2,4,2,3,2,5,3,8,4,4,7,3,3,6,3,2,6,1,3,7,3,2,8,2,3,9,3,3,6,3,3,10,3,4,7,7,4,7,1,3,6,1,2,7,4,2,6,2,2,6,2,2,9,1,1,7,5,3,9,3,3,6,8,4,9,3,2,7,4,3,8,3,3,9,1,2,2,"2021-09-14 20:31:13","interesting, but a little bit too long","to know the relationship with the likes of people and the costs of things","No, I did not",2,,0
37,,"2021-09-14 19:18:26",60f62766fa8bc58698d82b9f,61412bf1548b5f601d6f9f08,6140d2bf320df68dc96327b1,2,,,0,,,,,,,,,,0,0,0,0,0,0,0,0,,,,0,,0,,,,,,,,,,,,,,,,,,,,,,,,,,,,,,,,,,,,,,,,,,,,,,,,,,,,,,,,,,,,,,,,,,,,,,,,,,,,,,,,,,,,,,,,,,,,,,,,,,,,,,,,,,,,,,,,,,,,,,,,,,,,,,,,,,,,,,,,,,,,,,,,,,,,,,,,,,,,,,,,,,,,,,,,,,,,,,,,,,,,,,,,,,,,,,,,,,,,,,,,,,,,,,,,,,,,,,,,,,,,,,,,,,,,,,,,,,,,,,,,,,,,,,,,,,,,,,,,,,,,,,,,,,,,,,,,,,,,,,,,,,,,,,,,,,,,,,,,,,,,,,,,,,,,,,,,,,,,,,,,,,,,,,,,,,,,,,,,,,,,,,,,,,,,,,,,,,,,,,,,,,,0,,,,,0,,0
38,,"2021-09-14 19:18:39",613927703e23f814407dc5c7,61412dc7d9727ce04d050419,6140d2bf320df68dc96327b1,2,"2021-09-14 19:18:52",1,2,"2021-09-14 19:19:25",1,,18,1,,1,,Student,0,0,1,1,1,0,0,2,"2021-09-14 19:22:44",1,100,2,,2,"2021-09-14 20:36:51",,10,10,8,7,1,1,3,3,3,8,4,4,4,2,1,1,1,1,1,3,2,1,7,7,7,7,7,1,6,1,1,1,1,5,1,1,1,1,1,2,2,1,10,1,1,10,1,1,10,1,1,8,1,1,1,8,2,4,2,1,7,3,4,10,10,2,2,1,2,3,10,8,4,1,1,5,1,2,1,10,2,2,7,2,4,9,3,9,1,1,1,1,1,5,3,2,1,1,1,1,1,1,2,1,1,2,2,2,1,1,1,2,1,1,1,1,1,1,10,4,4,2,1,1,1,1,1,1,1,7,1,1,4,1,1,1,1,1,1,1,1,1,1,1,4,2,2,1,10,8,1,9,9,1,6,9,4,1,1,1,1,1,2,1,1,2,1,1,10,1,1,1,1,1,1,5,3,8,9,2,7,4,3,3,3,2,2,3,2,2,2,1,1,1,1,1,1,1,1,1,1,1,1,2,1,1,1,3,4,2,1,7,2,5,2,2,2,1,1,2,1,1,10,2,2,2,1,1,3,2,1,10,1,1,10,1,1,10,3,1,2,5,2,8,1,1,9,3,2,10,2,1,2,10,7,1,10,8,2,2,2,3,2,1,2,2,1,8,2,2,7,2,1,2,1,1,1,5,4,2,7,2,7,1,1,1,1,1,1,3,2,7,2,2,3,1,1,2,1,1,4,1,1,5,2,1,5,2,1,4,2,2,4,3,2,7,3,2,8,4,2,2,1,1,4,2,1,3,2,1,3,1,1,2,1,1,3,1,1,4,2,2,5,2,1,2,8,3,6,3,2,5,2,1,2,1,1,7,1,1,2,"2021-09-14 20:37:07",Long,"No Idea",No,2,,0
39,,"2021-09-14 19:19:45",60fde90f24f79c4471d0eb92,61412dfc7d8b9944a2d800c2,6140d2bf320df68dc96327b1,2,"2021-09-14 19:20:15",1,2,"2021-09-14 19:20:35",2,,21,1,,1,,"University Student",0,1,0,0,1,1,0,2,"2021-09-14 19:20:52",1,79,2,,2,"2021-09-14 20:03:32",,7,8,9,10,2,3,9,2,3,8,6,4,5,2,1,3,3,1,1,4,1,1,7,7,3,9,8,1,2,1,1,2,2,6,5,4,1,5,3,7,2,2,10,3,1,10,1,1,10,2,2,10,2,2,1,8,9,6,9,9,7,8,8,1,7,3,3,7,5,1,10,7,2,2,2,3,2,2,1,8,2,1,10,3,1,9,2,8,1,1,1,6,1,6,3,2,5,1,1,5,1,1,2,1,1,1,3,2,1,1,1,1,1,1,1,5,4,1,10,9,8,3,4,1,1,1,1,1,1,10,1,2,6,1,1,1,1,1,1,1,1,4,8,9,9,8,5,1,10,10,10,10,10,10,10,10,8,3,2,8,2,1,7,1,1,5,2,1,6,1,1,5,1,1,3,8,9,5,8,9,7,8,3,4,7,3,9,7,3,1,8,3,1,1,1,1,2,1,1,2,2,1,2,3,5,3,1,5,8,3,1,9,3,9,1,1,1,2,1,1,2,2,7,2,2,5,2,1,3,3,2,9,2,2,9,2,2,6,8,6,7,8,7,8,5,3,7,3,3,9,3,2,1,10,10,1,10,10,1,3,3,4,3,3,3,3,3,8,1,1,6,1,1,4,2,2,1,7,3,1,9,7,7,2,2,2,2,1,1,6,4,7,7,5,1,3,2,1,3,2,1,1,1,3,4,4,3,3,3,3,2,2,3,2,2,5,3,3,5,7,7,4,3,2,2,3,2,3,6,2,3,2,2,3,2,2,3,2,1,3,3,3,6,3,3,1,8,6,6,3,2,1,2,1,3,1,1,8,1,1,2,"2021-09-14 20:04:13","Interesting methods","Look at picture and word association",None,2,"2021-09-14 20:04:16",2
40,,"2021-09-14 19:22:29",60fcb64c52cb3e4c9ec0c76b,61412e9718dab0fcff48c3cf,6140d2bf320df68dc96327b1,2,"2021-09-14 19:23:28",1,2,"2021-09-14 19:24:07",2,,20,1,,1,,"Writing Consultant",0,0,0,0,1,0,0,2,"2021-09-14 19:24:57",1,98,2,,2,"2021-09-14 21:04:17",,8,10,5,4,1,2,4,1,2,7,2,3,3,1,1,3,4,2,2,6,2,5,6,6,6,8,3,3,5,1,3,1,2,7,3,4,3,4,4,6,1,2,10,2,2,10,3,1,10,2,2,8,1,1,2,8,8,6,8,7,8,8,8,3,7,3,3,2,4,2,7,6,4,2,2,6,1,1,2,4,2,1,8,2,1,6,2,9,1,1,3,7,1,7,3,2,4,1,2,5,1,2,3,3,1,3,2,2,1,1,1,1,3,1,2,2,3,2,7,7,8,3,4,2,1,1,4,2,1,8,3,2,5,1,1,2,1,1,2,2,1,5,9,7,9,5,4,3,10,10,2,10,9,2,10,10,8,1,2,8,1,2,5,1,1,6,1,1,8,1,2,7,3,2,4,7,6,2,8,6,7,7,3,7,3,3,7,5,3,3,7,4,1,1,1,3,1,2,7,2,2,3,1,1,6,3,2,6,4,3,2,6,4,8,1,1,3,2,2,2,2,2,8,2,2,2,2,4,3,2,2,7,2,2,9,2,2,8,6,4,6,5,3,9,2,2,9,3,2,10,2,2,1,9,8,2,10,9,3,2,3,6,4,3,4,2,3,7,3,1,6,2,2,7,3,2,3,4,3,2,5,3,8,1,1,3,1,2,5,6,4,6,5,4,7,2,2,6,2,2,4,1,2,6,2,2,7,3,2,7,2,2,6,3,2,7,3,2,6,6,7,6,2,2,6,3,2,6,3,3,7,2,2,4,2,2,4,1,1,5,3,2,7,3,3,3,8,4,7,4,2,5,4,3,6,2,2,8,2,2,2,"2021-09-14 21:05:17","very interesting, I had fun","seeing how neurodivergent people organize and categorize information ",no,2,,0
41,,"2021-09-14 19:23:50",61047420224037253f952387,61412ee5067301c5e025c32a,6140d2bf320df68dc96327b1,2,"2021-09-14 19:24:26",1,2,"2021-09-14 19:27:51",2,,20,1,,1,,"Part Time College Employee",0,0,0,0,1,0,0,2,"2021-09-14 19:28:17",1,98,2,,2,"2021-09-14 20:24:03",,3,8,6,3,1,2,3,1,2,3,2,2,2,1,1,2,3,1,1,3,1,1,9,4,4,5,6,1,3,1,1,1,2,5,2,3,1,4,7,4,1,3,8,2,2,10,3,1,10,2,4,5,1,1,1,10,9,4,10,10,3,10,9,1,8,5,1,3,4,1,9,7,1,1,2,3,1,2,1,8,3,1,10,5,1,9,4,4,1,1,1,7,3,3,2,3,1,1,2,1,1,2,2,2,1,1,4,3,1,1,1,1,4,1,1,2,6,1,10,9,10,2,5,1,1,3,2,1,3,10,2,3,3,2,3,1,1,1,1,1,1,2,7,6,10,2,4,1,10,10,1,10,10,1,10,10,5,1,4,4,1,4,2,2,2,2,2,3,4,2,3,2,2,3,3,9,8,3,10,8,4,8,5,4,7,5,3,5,4,1,9,5,1,1,1,1,1,3,2,2,3,2,1,3,4,3,3,2,7,4,1,10,5,10,1,2,1,1,2,1,1,3,10,2,4,3,2,5,2,2,2,10,2,4,10,2,4,8,8,6,5,8,4,10,1,3,10,3,3,10,1,3,1,10,10,1,10,10,2,2,4,3,4,4,2,3,4,6,9,2,4,2,3,3,2,4,2,5,5,1,6,5,10,1,3,1,1,2,2,6,5,8,8,6,4,3,4,3,2,4,2,1,3,4,4,4,3,1,4,3,1,3,2,3,3,8,5,5,3,6,6,3,1,3,2,4,3,3,2,3,3,1,4,2,1,3,6,2,2,6,6,5,8,2,4,3,10,7,4,5,5,3,4,3,8,2,3,10,1,2,2,"2021-09-14 20:25:14","I thought it was interesting","To see how people relate pictures to words and form those connections","Yes, at times I was confused if I was understanding what the words meant",2,"2021-09-14 20:25:18",2
42,,"2021-09-14 19:24:19",6122b675852a3137f09aee79,61412ee2f132740d028969b8,6140d2bf320df68dc96327b1,2,"2021-09-14 19:25:03",1,2,"2021-09-14 19:25:21",1,,22,1,,1,,Zookeeper,0,0,0,0,1,0,0,2,"2021-09-14 19:26:05",1,100,2,,2,"2021-09-14 20:18:33",,7,9,8,5,1,1,6,1,1,7,3,3,2,2,1,2,1,1,1,4,2,1,8,8,5,8,6,1,4,1,1,1,2,3,3,5,1,4,5,6,1,2,10,2,1,10,1,1,9,1,1,7,1,1,1,8,8,3,10,9,3,9,9,2,7,4,2,5,6,1,9,10,2,1,2,4,1,2,1,3,2,1,9,4,1,8,3,6,1,1,2,6,1,3,4,3,4,1,1,3,1,1,2,3,1,2,4,2,1,1,1,1,3,1,1,3,3,1,9,8,8,6,7,1,1,1,2,1,1,10,2,1,5,3,1,1,1,1,1,1,1,4,10,9,10,6,6,1,10,10,1,10,10,1,10,10,5,1,3,5,1,3,3,1,1,2,1,2,4,1,2,3,2,2,3,9,8,3,10,8,6,10,3,4,6,3,5,7,3,1,8,4,1,1,1,1,3,1,6,3,3,2,2,2,7,4,1,4,6,4,1,9,5,10,1,1,2,1,1,1,3,3,10,1,2,3,1,1,2,2,2,10,1,3,10,1,3,10,4,4,6,6,3,10,1,2,9,4,3,10,1,1,1,10,10,1,10,10,2,4,4,6,5,5,5,4,4,9,1,1,5,2,2,3,4,3,4,3,4,1,6,4,9,1,2,3,1,1,1,7,5,7,5,5,6,5,3,5,4,4,2,1,1,7,4,5,6,3,4,5,3,4,3,5,4,8,4,5,5,8,7,2,2,3,2,3,2,3,4,3,4,3,3,3,5,4,7,4,2,8,7,4,6,5,5,2,10,5,7,5,4,5,6,5,6,3,3,10,1,1,2,"2021-09-14 20:20:16",Confusing,"To study unconscious sorting of objects in the mind","Mental fatigue",2,"2021-09-14 20:20:19",2
43,,"2021-09-14 19:24:49",613fb7bb37e9fd4f268e0dd5,61412ee94d04883084e42578,6140d2bf320df68dc96327b1,2,"2021-09-14 19:25:09",1,2,"2021-09-14 19:25:25",1,,23,1,,1,,Phlebotomist,0,0,0,1,0,0,0,2,"2021-09-14 19:26:24",1,100,2,,2,"2021-09-14 20:20:14",,3,8,7,2,1,1,2,1,1,4,3,3,2,1,1,1,2,2,1,3,2,1,4,4,2,5,5,1,1,1,1,1,1,3,1,2,2,2,2,3,1,1,6,3,1,7,2,1,4,1,1,3,1,1,1,6,6,2,6,7,3,6,6,1,5,2,1,2,2,1,7,6,1,1,2,3,1,2,1,4,2,1,10,4,2,10,4,3,1,1,3,2,1,3,2,2,1,1,1,1,1,1,1,1,1,1,3,1,1,1,1,1,1,1,1,2,3,1,7,6,3,2,2,1,2,1,1,1,1,4,2,1,1,1,1,1,1,1,1,2,1,1,6,5,4,7,3,1,10,9,1,10,9,1,10,9,3,1,1,3,1,1,3,1,2,2,1,1,5,1,2,3,2,1,1,7,4,2,10,6,3,6,3,2,4,2,2,6,3,1,5,3,1,1,1,1,1,1,3,2,2,1,2,2,3,2,1,3,3,2,1,9,5,6,2,3,1,1,1,1,2,2,5,2,2,2,2,1,1,1,1,6,3,2,10,2,2,4,5,4,3,5,4,8,3,2,4,3,2,8,4,3,1,10,10,1,10,10,2,2,1,4,3,4,2,3,3,3,2,1,2,3,2,2,3,2,1,3,2,1,8,3,3,2,1,1,1,1,1,4,3,4,5,3,4,4,3,3,2,2,1,1,3,4,6,3,2,3,3,3,2,3,2,3,2,6,4,3,4,6,6,3,2,3,1,1,1,1,2,2,3,2,1,1,2,2,3,2,2,5,5,5,5,3,3,1,9,4,4,3,3,3,3,2,2,2,2,7,2,1,2,"2021-09-14 20:20:56","I thought it was very interesting!","Association of colors and items","Seeing the images when we had to associate the objects inside the circle.",2,"2021-09-14 20:21:00",2
44,,"2021-09-14 19:27:54",61077ad8e901a0734c24a0a7,61412fd953f87c3dcbf67f89,6140d2bf320df68dc96327b1,2,,,0,,,,,,,,,,0,0,0,0,0,0,0,0,,,,0,,2,,,,,,,,,,,,,,,,,,,,,,,,,,,,,,,,,,,,,,,,,,,,,,,,,,,,,,,,,,,,,,,,,,,,,,,,,,,,,,,,,,,,,,,,,,,,,,,,,,,,,,,,,,,,,,,,,,,,,,,,,,,,,,,,,,,,,,,,,,,,,,,,,,,,,,,,,,,,,,,,,,,,,,,,,,,,,,,,,,,,,,,,,,,,,,,,,,,,,,,,,,,,,,,,,,,,,,,,,,,,,,,,,,,,,,,,,,,,,,,,,,,,,,,,,,,,,,,,,,,,,,,,,,,,,,,,,,,,,,,,,,,,,,,,,,,,,,,,,,,,,,,,,,,,,,,,,,,,,,,,,,,,,,,,,,,,,,,,,,,,,,,,,,,,,,,,,,,,,,,,,,,0,,,,,0,,0
45,,"2021-09-14 19:28:47",612819d5c4f57a5fb23d03b3,61413007b5fc09dea440f7aa,6140d2bf320df68dc96327b1,2,"2021-09-14 19:30:05",1,2,"2021-09-14 19:30:38",2,,23,1,,1,,"personal assistant",0,0,0,1,0,0,0,2,"2021-09-14 19:31:51",1,93,2,,2,"2021-09-14 20:31:52",,7,8,10,5,2,2,4,2,2,6,5,6,3,2,2,2,1,2,2,3,2,2,7,8,5,7,7,4,6,2,2,2,3,6,4,7,2,3,7,4,2,3,10,6,8,9,2,1,9,2,3,9,2,3,1,6,8,3,6,7,7,8,8,6,7,4,3,3,3,3,8,8,2,3,3,4,3,3,1,5,4,2,9,9,2,8,7,7,2,2,2,4,2,4,4,4,3,2,2,2,2,2,2,2,2,5,3,4,1,2,1,2,2,2,1,3,5,2,7,7,5,3,4,2,2,2,2,3,1,9,6,5,6,3,2,1,1,1,1,1,2,3,7,9,9,6,7,2,9,10,1,9,10,1,9,10,7,2,3,3,3,3,6,4,3,4,3,2,4,3,2,3,4,2,3,8,8,3,8,9,8,8,5,6,6,5,7,3,2,2,7,4,1,3,2,2,2,2,3,3,3,2,2,3,6,8,2,5,7,4,2,8,7,9,3,1,2,2,2,2,3,3,7,2,2,7,5,6,3,2,2,9,3,4,10,4,3,7,6,7,2,4,3,7,4,3,8,3,4,9,4,4,1,9,10,1,10,10,1,2,3,6,6,7,3,3,5,5,4,2,7,3,3,3,4,4,2,8,5,1,8,6,9,7,6,1,2,2,1,6,9,5,7,8,5,5,4,4,3,3,5,3,4,4,5,4,4,4,7,4,6,4,3,4,3,8,8,5,9,8,8,3,2,3,3,2,3,5,4,3,4,3,3,3,3,2,7,4,4,5,6,5,8,6,7,2,9,9,6,5,6,4,3,5,4,1,2,7,3,3,2,"2021-09-14 20:33:39","it was very interesting","how people associate words and objects. Also to see if people can use context clues to define words.",no,2,"2021-09-14 20:33:42",2
46,,"2021-09-14 19:29:42",61077ad8e901a0734c24a0a7,61412fd953f87c3dcbf67f89,6140d2bf320df68dc96327b1,2,,,0,,,,,,,,,,0,0,0,0,0,0,0,0,,,,0,,0,,,,,,,,,,,,,,,,,,,,,,,,,,,,,,,,,,,,,,,,,,,,,,,,,,,,,,,,,,,,,,,,,,,,,,,,,,,,,,,,,,,,,,,,,,,,,,,,,,,,,,,,,,,,,,,,,,,,,,,,,,,,,,,,,,,,,,,,,,,,,,,,,,,,,,,,,,,,,,,,,,,,,,,,,,,,,,,,,,,,,,,,,,,,,,,,,,,,,,,,,,,,,,,,,,,,,,,,,,,,,,,,,,,,,,,,,,,,,,,,,,,,,,,,,,,,,,,,,,,,,,,,,,,,,,,,,,,,,,,,,,,,,,,,,,,,,,,,,,,,,,,,,,,,,,,,,,,,,,,,,,,,,,,,,,,,,,,,,,,,,,,,,,,,,,,,,,,,,,,,,,,0,,,,,0,,0
47,,"2021-09-14 19:30:22",612bcf64ad6a3f7c1930315b,614130724de5f7d33462b6ba,6140d2bf320df68dc96327b1,2,"2021-09-14 19:30:49",1,2,"2021-09-14 19:31:08",2,,25,1,,1,,Student,0,1,0,0,0,0,0,2,"2021-09-14 19:31:35",1,80,2,,2,"2021-09-14 20:27:17",,6,5,7,4,1,1,3,1,1,6,4,3,2,1,2,2,1,1,1,3,1,2,8,9,6,8,9,2,6,1,1,3,2,7,4,5,5,7,6,5,2,2,10,2,1,10,2,1,8,3,1,2,2,1,1,10,8,4,10,9,10,10,9,4,9,3,4,3,4,2,10,7,5,2,1,7,2,1,3,9,3,2,10,3,2,7,2,6,2,1,4,8,1,5,5,4,2,1,1,2,1,1,3,2,1,3,3,1,1,1,1,2,2,1,2,3,3,3,10,10,10,4,3,1,2,1,3,1,1,10,4,3,5,4,1,2,1,1,1,2,1,4,9,10,10,6,6,3,10,10,2,10,10,2,10,10,6,2,3,5,3,2,4,2,1,3,2,2,4,2,1,4,2,1,3,9,9,4,10,7,6,6,4,4,6,4,6,5,4,1,7,4,2,1,1,2,2,1,3,2,2,4,2,1,5,2,3,6,5,3,3,6,5,10,3,2,2,2,1,2,2,1,10,3,2,5,5,6,3,2,1,10,2,2,10,2,2,8,4,7,4,5,4,10,3,2,9,3,2,10,2,1,2,10,10,2,10,10,3,3,3,7,4,4,3,4,4,8,3,2,6,3,3,4,3,2,4,3,3,2,5,5,10,2,1,1,1,1,3,5,4,9,5,4,4,3,3,3,3,3,2,1,1,1,1,2,4,2,2,5,2,2,3,3,3,6,4,3,6,8,7,3,2,1,3,2,1,3,3,3,2,1,2,3,2,2,3,3,1,5,6,3,3,2,3,3,9,6,6,2,3,6,3,1,3,1,1,10,2,1,2,"2021-09-14 20:27:39","Very repititive ","Study the relations of random objects",no,2,,0
48,,"2021-09-14 19:30:28",6119c9f6e9f194da19f0f2b2,6141307135400fff7ac9553e,6140d2bf320df68dc96327b1,2,"2021-09-14 19:30:50",1,2,"2021-09-14 19:31:10",2,,22,1,,1,,Student,0,0,0,0,1,0,0,2,"2021-09-14 19:31:26",1,100,2,,2,"2021-09-14 20:34:04",,5,7,8,3,1,1,3,1,1,6,4,3,2,2,1,2,1,1,2,2,2,3,7,7,5,5,8,2,1,1,1,1,2,3,1,2,3,3,3,6,1,2,10,3,3,10,3,2,10,2,2,7,2,2,1,8,9,7,7,6,7,8,8,4,6,3,6,4,4,3,9,8,2,3,2,5,2,2,3,8,2,1,10,3,2,10,3,7,1,3,4,6,3,10,7,3,3,4,3,2,1,3,2,4,1,2,5,3,1,2,1,1,1,1,1,2,3,1,9,8,7,3,5,1,1,2,2,1,1,9,1,1,4,1,2,1,1,1,1,2,3,3,8,8,10,5,6,1,10,10,1,10,10,1,10,10,5,1,3,7,1,3,5,3,3,5,4,3,5,3,3,6,3,4,3,8,8,7,9,8,7,7,5,5,7,5,3,2,4,1,8,5,1,1,3,1,3,3,3,3,3,2,2,3,3,3,3,4,5,4,2,6,5,7,2,3,1,2,2,1,2,3,7,2,3,4,3,4,2,3,3,7,4,4,9,4,4,9,8,7,9,7,6,8,3,3,8,4,3,10,2,3,1,10,9,1,10,10,2,3,4,4,4,5,2,4,5,6,2,2,4,2,3,4,3,3,1,7,6,1,7,7,7,1,3,1,2,3,2,4,5,5,5,5,3,3,4,3,3,4,3,2,3,5,5,4,4,3,4,4,4,3,4,4,3,6,5,4,8,7,6,6,2,3,2,4,3,3,4,5,2,1,3,2,3,3,6,3,2,6,6,5,6,4,6,1,9,7,4,4,4,3,4,4,6,2,4,8,2,3,2,"2021-09-14 20:34:32",Hard,"Finding patterns",No,2,"2021-09-14 20:34:36",2
49,,"2021-09-14 19:31:13",61077ad8e901a0734c24a0a7,61412fd953f87c3dcbf67f89,6140d2bf320df68dc96327b1,2,"2021-09-14 19:31:17",1,2,"2021-09-14 19:31:55",1,,21,1,,1,,"Graphic Designer",0,1,0,0,0,0,0,2,"2021-09-14 19:32:15",1,64,2,"2021-09-14 20:54:06",2,"2021-09-14 20:54:02",,6,7,7,5,1,2,4,1,1,4,3,5,2,2,2,2,3,1,2,7,3,3,9,9,6,8,7,1,4,1,1,1,2,3,3,4,2,5,6,3,1,3,10,3,2,10,2,1,9,2,1,4,3,2,1,8,9,3,9,9,4,8,9,2,6,2,2,3,5,2,8,8,3,2,2,6,2,2,3,8,5,1,9,7,2,7,7,4,1,1,2,5,1,6,6,5,3,6,3,2,2,2,2,7,2,2,8,7,1,4,1,2,7,2,1,4,4,1,10,9,8,2,4,1,1,2,2,6,2,9,4,2,3,3,2,1,1,1,1,1,1,3,8,8,8,8,8,1,10,10,1,10,10,1,10,10,8,2,4,3,2,4,3,2,2,3,2,2,3,2,2,3,2,2,4,8,7,2,9,8,5,9,4,3,3,6,3,5,2,1,7,5,1,1,1,3,2,2,3,3,5,2,2,3,4,6,2,4,10,5,2,8,8,8,2,2,2,1,2,2,4,3,9,6,4,3,4,5,2,2,3,8,7,4,9,3,4,7,6,6,7,9,6,8,2,2,8,6,4,10,1,2,1,10,10,1,10,10,3,2,4,4,5,6,2,3,7,7,2,2,3,3,2,4,4,5,2,4,4,1,9,8,8,2,2,1,2,2,3,5,5,7,4,4,7,6,5,4,3,3,3,2,3,3,7,5,4,5,4,4,4,3,6,7,3,9,8,7,7,3,8,4,2,3,3,2,3,2,2,3,3,2,3,2,3,3,2,6,4,5,9,4,3,3,4,2,9,4,5,8,6,3,2,4,5,3,3,9,1,2,2,"2021-09-14 20:55:14","Very repetitive and long","To find people's assumptions about price of an item in relation to size and color ","Yes, it wouldn't load on desktop I had to complete it on my phone. ",2,,0
50,,"2021-09-14 19:32:00",60ff3525cb94842d9822bc30,614130d4221451e842643d23,6140d2bf320df68dc96327b1,2,"2021-09-14 19:34:39",1,2,"2021-09-14 19:34:50",2,,24,1,,1,,Nursing,0,1,0,0,0,0,0,2,"2021-09-14 19:35:07",1,100,2,,2,"[not completed]",,5,9,9,2,1,2,2,1,2,5,6,5,1,1,1,2,3,2,4,5,3,3,9,9,7,9,9,2,8,4,2,2,2,2,4,6,4,6,5,1,1,1,10,7,5,10,5,3,7,6,6,2,2,2,2,9,9,4,9,9,7,9,9,4,8,6,2,5,5,2,8,8,1,1,1,,,,,,,,,,,,,,,,,,,,,,,,,,,,,,,,,,,,,,,,,,,,,,,,,,,,,,,,,,,,,,,,,,,,,,,,,,,,,,,,,,,,,,,,,,,,,,,,,,,,,,,,,,,,,,,,,,,,,,,,,,,,,,,,,,,,,,,,,,,,,,,,,,,,,,,,,,,,,,,,,,,,,,,,,,,,,,,,,,,,,,,,,,,,,,,,,,,,,,,,,,,,,,,,,,,,,,,,,,,,,,,,,,,,,,,,,,,,,,,,,,,,,,,,,,,,,,,,,,,,,,,,,,,,,,,,,,,,,,,,,,,,,,0,,,,,0,,0
51,,"2021-09-14 19:33:48",5b91ca0f8a79b000013f9481,6141313c12db0ed99c33fc24,6140d2bf320df68dc96327b1,2,"2021-09-14 19:33:58",1,2,"2021-09-14 19:34:22",1,,22,1,,1,,accountant,0,0,0,0,0,1,0,2,"2021-09-14 19:35:25",1,90,2,,2,"2021-09-14 20:05:58",,8,7,8,8,7,9,7,8,7,8,7,8,9,8,8,8,8,7,7,8,8,8,8,8,8,9,8,9,8,9,8,9,8,8,9,8,8,9,8,8,9,8,8,9,8,7,8,9,8,9,9,8,9,9,7,9,9,8,9,9,8,9,8,8,9,9,9,9,9,8,7,8,8,9,8,7,9,8,8,9,8,8,9,8,8,9,8,8,9,6,3,3,4,3,4,3,3,4,3,3,4,3,3,3,4,7,7,5,6,7,6,7,7,8,8,8,6,8,8,7,8,8,7,9,8,9,9,7,9,8,9,8,8,9,8,8,9,5,5,8,5,4,4,2,3,5,3,3,4,3,7,2,9,8,4,8,6,9,7,7,9,8,4,8,6,7,8,8,9,9,7,8,7,8,8,7,8,8,8,8,7,8,8,3,4,5,5,6,6,5,5,6,6,5,5,5,4,5,2,5,3,2,4,2,5,4,6,6,6,8,7,8,5,6,8,6,5,8,6,5,4,2,2,2,9,7,2,2,2,2,2,2,2,2,2,2,9,9,8,6,10,10,10,7,10,10,10,10,10,10,10,9,10,10,7,7,2,7,3,7,2,7,7,2,5,2,2,2,5,7,6,8,7,6,7,8,6,8,8,8,9,9,7,8,9,8,5,5,7,6,6,8,7,8,8,9,8,7,8,8,6,8,8,8,6,8,8,9,8,8,9,8,8,9,8,8,9,8,8,9,8,8,9,8,8,9,8,8,9,8,8,8,4,8,6,7,7,6,5,6,6,6,6,6,4,7,5,6,5,6,6,8,6,9,5,5,2,2,2,4,2,"2021-09-14 20:06:13",nice,"AI training",no,2,"2021-09-14 20:06:15",2
52,,"2021-09-14 19:39:00",61077ad8e901a0734c24a0a7,61412fd953f87c3dcbf67f89,6140d2bf320df68dc96327b1,2,,,0,,,,,,,,,,0,0,0,0,0,0,0,0,,,,0,,0,,,,,,,,,,,,,,,,,,,,,,,,,,,,,,,,,,,,,,,,,,,,,,,,,,,,,,,,,,,,,,,,,,,,,,,,,,,,,,,,,,,,,,,,,,,,,,,,,,,,,,,,,,,,,,,,,,,,,,,,,,,,,,,,,,,,,,,,,,,,,,,,,,,,,,,,,,,,,,,,,,,,,,,,,,,,,,,,,,,,,,,,,,,,,,,,,,,,,,,,,,,,,,,,,,,,,,,,,,,,,,,,,,,,,,,,,,,,,,,,,,,,,,,,,,,,,,,,,,,,,,,,,,,,,,,,,,,,,,,,,,,,,,,,,,,,,,,,,,,,,,,,,,,,,,,,,,,,,,,,,,,,,,,,,,,,,,,,,,,,,,,,,,,,,,,,,,,,,,,,,,,0,,,,,0,,0
53,,"2021-09-14 19:39:19",611212b2a17343e9e927a2a5,6141326e9c98af77fb53f1f4,6140d2bf320df68dc96327b1,2,"2021-09-14 19:40:10",1,2,"2021-09-14 19:40:32",2,,19,1,,1,,Student,0,0,0,0,0,1,0,2,"2021-09-14 19:41:20",1,100,2,,2,"2021-09-14 20:32:27",,8,5,6,8,1,2,7,1,2,9,3,2,5,2,1,5,2,2,2,2,2,4,4,6,8,7,6,2,5,1,4,1,1,7,2,3,2,4,4,5,1,2,10,2,3,10,1,2,10,1,2,10,1,1,1,6,7,8,7,6,5,7,6,4,9,3,3,2,2,4,9,4,6,1,1,7,1,2,2,1,2,2,6,3,4,4,3,7,1,1,6,3,1,7,2,3,3,1,3,4,1,1,3,1,1,4,3,2,1,1,1,2,3,1,1,2,3,2,6,5,7,1,4,2,1,1,3,1,1,9,1,2,6,1,2,3,1,1,2,1,1,3,4,5,6,2,6,2,8,8,2,9,7,2,9,8,5,1,4,5,1,4,2,1,1,4,2,2,5,1,3,5,2,3,3,6,5,3,9,5,4,5,3,4,5,3,4,2,3,2,5,3,1,1,1,2,1,3,3,2,2,4,1,3,7,4,3,8,5,4,2,8,5,10,1,1,2,1,3,2,1,3,9,1,4,4,3,6,2,2,2,7,1,1,10,1,4,5,3,6,3,3,5,8,1,3,5,1,2,10,1,3,1,7,7,2,9,8,3,2,3,7,3,5,3,3,4,6,1,1,6,2,3,7,3,4,2,1,4,1,3,4,4,2,2,2,1,2,4,4,4,4,4,4,8,1,4,7,1,4,3,1,3,6,5,3,6,2,3,7,1,3,8,5,3,7,5,3,5,3,6,2,2,4,4,2,3,2,2,4,4,2,3,3,3,3,1,3,3,6,6,4,2,4,5,2,7,6,7,4,4,4,3,5,7,2,2,4,2,2,2,"2021-09-14 20:32:45","It was long ","Test people's associations",No,2,,0
54,,"2021-09-14 19:39:59",60ff794e308046ecd9da3137,614132bd9eb9d33b5e3fd3ee,6140d2bf320df68dc96327b1,2,"2021-09-14 19:40:15",1,2,"2021-09-14 19:40:40",2,,24,1,,1,,"Full-time student",0,1,0,0,0,0,0,2,"2021-09-14 19:41:32",1,85,2,,2,"2021-09-14 20:36:48",,5,9,7,3,3,3,2,3,2,4,5,4,1,1,1,1,2,2,1,2,2,1,5,6,3,8,9,1,5,2,1,2,2,1,3,4,1,3,4,1,2,2,7,3,2,6,3,1,10,3,5,5,3,3,1,7,7,4,8,8,2,8,9,1,7,6,1,7,7,1,9,9,1,1,2,1,2,2,1,4,3,1,10,8,1,7,6,2,1,1,1,5,3,3,3,4,1,1,1,1,1,1,1,2,1,1,2,2,1,1,1,1,1,1,1,3,3,1,8,8,2,3,3,1,1,1,1,1,1,5,3,4,1,2,2,1,2,1,1,2,2,1,8,9,4,4,4,1,10,10,1,10,10,1,10,10,1,4,2,1,4,3,1,2,2,1,3,2,2,1,1,1,3,2,1,8,8,1,9,8,1,7,5,1,7,5,1,4,3,1,4,4,1,2,1,1,2,2,1,1,2,1,2,2,1,3,3,1,3,3,1,10,7,3,2,2,1,1,1,1,3,3,5,3,3,1,3,2,1,2,2,3,3,3,10,3,3,7,6,6,5,5,4,2,3,3,4,3,3,6,3,3,1,10,10,1,10,10,1,3,3,1,3,3,1,3,3,2,4,3,1,3,4,1,2,2,1,8,5,1,8,6,3,3,3,1,1,1,1,6,5,3,5,5,1,3,3,1,2,2,1,3,3,1,3,3,1,3,3,1,2,2,1,2,2,4,3,3,2,5,6,1,2,3,1,3,2,1,2,3,1,3,2,1,3,2,1,3,2,2,3,3,2,3,4,1,8,8,2,3,3,1,3,3,1,2,3,2,2,2,2,"2021-09-14 20:37:37",Enjoyable,Labeling/Categories,None,2,"2021-09-14 20:37:39",2
55,,"2021-09-14 19:40:22",60fe45c6e405df9b2eaf70fb,614132bdbc9beefa981e59f4,6140d2bf320df68dc96327b1,2,"2021-09-14 19:40:36",1,2,"2021-09-14 19:40:57",2,,25,1,,1,,student,0,1,0,0,0,0,0,2,"2021-09-14 19:42:32",1,79,2,,2,"2021-09-14 20:34:05",,7,6,6,4,3,3,3,2,2,7,7,7,4,2,2,2,2,2,4,7,4,6,9,9,7,9,10,5,5,1,2,2,2,3,4,4,5,9,8,5,3,4,10,2,4,10,2,1,10,3,1,4,4,2,1,9,10,3,9,9,4,10,10,4,9,4,3,2,4,4,9,8,3,2,3,5,2,3,2,8,4,2,9,5,2,7,2,6,2,2,3,7,1,8,6,3,2,1,2,2,1,3,2,4,1,2,5,2,1,1,1,1,3,1,1,2,5,1,8,8,7,4,4,2,1,2,2,1,1,8,2,3,4,2,3,2,1,1,2,2,1,6,8,9,9,7,6,1,10,10,1,10,10,1,10,10,7,3,3,7,3,3,6,3,3,7,3,3,6,2,3,5,2,2,7,8,7,7,9,8,7,9,5,6,7,5,7,5,4,2,6,4,1,1,1,5,3,3,7,2,3,5,2,4,7,5,4,8,7,4,1,10,5,9,2,2,2,1,2,2,2,3,9,2,3,7,3,5,3,2,2,8,1,3,9,2,3,8,6,4,3,5,4,7,2,3,7,3,3,10,2,2,1,10,9,1,10,10,1,3,3,6,4,5,2,3,3,7,3,2,6,3,3,6,3,3,1,4,4,1,7,7,9,2,2,1,1,1,1,5,3,6,5,2,7,2,3,6,2,4,6,2,4,7,4,3,7,3,5,7,2,3,6,4,3,9,5,4,7,6,5,5,2,3,2,3,3,4,4,3,4,3,3,5,3,3,7,6,4,6,4,4,7,3,4,2,9,5,7,4,3,6,3,3,7,2,4,6,2,2,2,"2021-09-14 20:37:04","It's a pretty interesting study","I think the purpose of the study is to evaluate how the participants associate objects with one to the others.",No,2,"2021-09-14 20:37:06",2
56,,"2021-09-14 19:43:13",610042ba595072828fa1cc6c,61413367113f0f0d58c5b418,6140d2bf320df68dc96327b1,2,"2021-09-14 19:43:30",1,2,"2021-09-14 19:44:03",2,,22,1,,1,,Barista,0,0,0,0,1,0,0,2,"2021-09-14 19:46:44",1,100,2,,2,"2021-09-14 20:38:47",,7,4,5,8,1,2,8,1,2,3,3,2,1,2,1,2,1,2,1,1,2,1,5,3,6,3,3,1,2,2,1,1,2,3,2,4,1,3,4,5,1,2,9,1,2,9,1,1,9,3,2,7,2,2,1,5,8,7,6,8,6,7,8,2,4,2,2,3,4,1,7,4,1,3,3,3,2,2,1,6,3,1,8,5,1,8,6,4,1,4,2,3,1,3,3,2,1,1,2,1,1,2,2,4,1,2,4,2,1,2,2,1,3,1,1,3,2,1,7,8,7,4,3,1,1,2,1,2,2,8,1,3,3,2,2,2,1,1,2,1,3,3,8,9,9,4,6,1,10,10,1,10,10,1,10,10,8,1,3,6,2,2,4,3,3,4,4,3,6,4,3,6,3,3,2,7,8,3,7,8,6,6,4,4,6,5,5,3,3,1,5,4,1,1,1,4,2,2,2,2,3,1,1,3,5,5,3,3,7,4,1,7,4,7,2,3,1,2,2,1,2,2,9,4,4,4,2,2,3,2,2,8,1,2,9,1,2,7,3,4,7,3,4,8,2,1,6,2,2,9,2,2,1,9,10,1,10,10,1,2,2,4,3,3,2,2,2,6,2,1,5,2,2,1,2,1,1,4,3,1,7,6,8,4,3,1,2,3,2,4,3,5,2,3,3,3,2,2,2,3,3,2,3,4,4,2,2,2,3,3,3,3,3,5,2,5,6,3,6,5,4,3,2,2,1,4,3,5,3,3,2,3,2,2,3,2,5,3,3,3,4,4,6,3,4,2,9,7,4,3,2,4,3,3,2,2,3,5,1,2,2,"2021-09-14 20:39:40","It was a very long study- but I imagine it will result in thorough analysis of the responses!","How the appearance of certain images affects our perception of them",No!,2,"2021-09-14 20:39:44",2
57,,"2021-09-14 19:43:57",613bb7f2a06a3b358fe33f46,61412f895cd6047eb609c97e,6140d2bf320df68dc96327b1,2,,,0,,,,,,,,,,0,0,0,0,0,0,0,0,,,,0,,2,,,,,,,,,,,,,,,,,,,,,,,,,,,,,,,,,,,,,,,,,,,,,,,,,,,,,,,,,,,,,,,,,,,,,,,,,,,,,,,,,,,,,,,,,,,,,,,,,,,,,,,,,,,,,,,,,,,,,,,,,,,,,,,,,,,,,,,,,,,,,,,,,,,,,,,,,,,,,,,,,,,,,,,,,,,,,,,,,,,,,,,,,,,,,,,,,,,,,,,,,,,,,,,,,,,,,,,,,,,,,,,,,,,,,,,,,,,,,,,,,,,,,,,,,,,,,,,,,,,,,,,,,,,,,,,,,,,,,,,,,,,,,,,,,,,,,,,,,,,,,,,,,,,,,,,,,,,,,,,,,,,,,,,,,,,,,,,,,,,,,,,,,,,,,,,,,,,,,,,,,,,0,,,,,0,,0
58,,"2021-09-14 19:45:33",60f62766fa8bc58698d82b9f,61412bf1548b5f601d6f9f08,6140d2bf320df68dc96327b1,2,,,0,,,,,,,,,,0,0,0,0,0,0,0,0,,,,0,,0,,,,,,,,,,,,,,,,,,,,,,,,,,,,,,,,,,,,,,,,,,,,,,,,,,,,,,,,,,,,,,,,,,,,,,,,,,,,,,,,,,,,,,,,,,,,,,,,,,,,,,,,,,,,,,,,,,,,,,,,,,,,,,,,,,,,,,,,,,,,,,,,,,,,,,,,,,,,,,,,,,,,,,,,,,,,,,,,,,,,,,,,,,,,,,,,,,,,,,,,,,,,,,,,,,,,,,,,,,,,,,,,,,,,,,,,,,,,,,,,,,,,,,,,,,,,,,,,,,,,,,,,,,,,,,,,,,,,,,,,,,,,,,,,,,,,,,,,,,,,,,,,,,,,,,,,,,,,,,,,,,,,,,,,,,,,,,,,,,,,,,,,,,,,,,,,,,,,,,,,,,,0,,,,,0,,0
59,,"2021-09-14 19:45:56",613a41fe2deb50472e248e2a,6141342033be280baf20cc8a,6140d2bf320df68dc96327b1,2,"2021-09-14 19:46:19",1,2,"2021-09-14 19:46:40",2,,21,1,,1,,Student,0,0,0,0,1,0,0,2,"2021-09-14 19:48:21",1,66,2,,2,"2021-09-14 20:46:34",,7,9,5,6,2,2,5,2,2,4,4,3,3,2,1,2,1,1,2,3,2,2,7,5,5,6,6,2,5,1,2,2,2,4,3,5,3,6,6,4,2,3,9,2,1,9,2,1,6,3,2,4,3,1,1,6,8,4,7,7,4,6,6,2,7,3,2,3,4,2,7,6,3,2,3,6,2,3,2,7,2,1,9,4,2,9,3,4,2,1,2,5,1,6,5,5,2,2,2,2,2,2,3,2,1,3,3,2,1,1,1,2,2,1,2,4,4,3,9,8,7,4,5,2,3,4,2,3,1,7,3,2,4,3,2,2,2,1,2,2,1,4,8,7,7,6,5,1,10,10,1,10,10,2,10,10,7,1,3,7,1,3,6,3,1,6,3,2,6,3,2,6,3,2,3,7,7,6,8,6,6,8,3,5,6,3,5,4,4,2,7,5,1,1,1,3,3,2,5,3,3,3,2,2,7,4,2,7,6,3,2,9,5,8,2,3,2,2,2,2,3,2,6,3,3,5,4,5,6,4,2,9,2,4,10,2,3,8,7,6,8,6,4,8,4,2,6,4,3,9,2,1,2,9,9,2,10,9,4,3,3,5,2,4,3,2,3,7,5,1,7,3,2,7,4,3,2,7,5,1,7,7,8,3,2,3,2,1,2,7,5,6,7,5,7,3,3,5,3,3,5,2,3,6,4,3,7,4,3,6,3,3,5,3,3,8,3,3,6,6,6,4,2,3,4,2,3,4,3,3,5,2,3,3,2,2,4,3,2,6,3,3,6,3,3,2,9,5,7,3,3,5,3,4,7,2,3,9,1,2,2,"2021-09-14 20:48:02","It was long, but easy to follow along ad follow instructions.","To understand individual's perceptions of objects and how they relate to each other.",No,2,"2021-09-14 20:48:06",2
60,,"2021-09-14 19:46:35",60ff77d2807ea6ce498ab452,6141343ed1d9c92a4e809ffb,6140d2bf320df68dc96327b1,2,"2021-09-14 19:47:21",1,2,"2021-09-14 19:47:48",2,,18,1,,1,,"college student",0,0,0,0,1,0,0,2,"2021-09-14 19:48:21",1,40,2,,2,"2021-09-14 21:07:21",,9,8,8,6,1,3,5,1,1,8,4,4,3,2,1,3,4,3,3,5,4,4,8,7,6,8,7,3,3,3,2,3,3,2,3,4,3,5,5,2,1,3,10,4,4,10,4,5,4,3,3,1,2,3,1,8,9,3,9,9,8,9,9,3,6,4,2,5,4,4,8,7,2,2,3,5,2,4,2,7,5,2,9,6,2,8,6,4,1,2,3,5,4,5,4,4,1,2,1,1,1,1,2,3,1,3,4,4,1,1,1,2,4,2,1,4,5,1,9,7,3,5,4,1,2,2,1,2,2,6,4,4,2,4,3,2,4,2,2,3,2,5,7,7,3,7,5,2,10,10,1,10,10,1,10,10,4,2,4,4,3,3,2,3,3,3,3,2,4,2,2,4,3,3,2,8,8,3,10,9,3,8,6,4,2,4,3,4,4,3,6,5,2,2,2,2,3,3,2,3,3,2,2,4,5,5,3,6,5,5,2,8,7,9,5,4,1,3,3,3,4,4,8,3,4,4,2,3,2,5,3,8,4,5,10,5,4,9,7,7,10,8,6,7,4,5,8,3,5,10,4,4,2,10,9,1,10,9,3,4,3,5,3,5,4,3,5,5,4,3,4,2,4,4,2,3,3,6,5,1,7,7,4,2,4,1,2,3,3,7,6,4,6,6,4,4,4,4,2,3,2,1,3,5,7,5,4,2,4,5,3,4,5,6,5,4,5,4,5,5,5,4,2,5,3,3,3,3,5,5,3,2,4,3,3,3,2,3,2,4,7,5,3,5,4,2,7,6,6,5,4,4,4,4,3,3,4,5,2,4,2,"2021-09-14 21:07:49","interested and a lil confused","to see how people group and perceive things ",no,2,,0
61,,"2021-09-14 19:46:38",61094cccb8c79b6a734c2d18,6141345403d85a677960435c,6140d2bf320df68dc96327b1,2,"2021-09-14 19:46:55",1,2,"2021-09-14 19:47:09",2,,22,1,,1,,Retail,0,0,0,0,1,0,0,2,"2021-09-14 19:47:50",1,91,2,,2,"2021-09-14 20:50:15",,6,9,9,1,1,1,1,1,1,8,5,6,1,2,1,2,2,2,3,4,2,4,8,8,6,7,7,3,3,1,1,1,1,2,2,5,3,4,3,1,1,1,10,2,4,10,2,1,9,2,2,1,1,1,1,6,10,2,6,10,5,6,10,2,5,5,2,2,7,2,9,8,2,4,4,4,4,5,2,6,6,2,9,7,2,5,5,2,1,2,3,6,4,5,4,6,2,3,2,2,3,3,3,4,3,2,4,3,1,1,1,2,3,2,1,5,7,2,8,8,4,6,6,1,4,3,2,1,1,3,7,5,2,5,4,2,2,1,2,3,2,4,8,9,4,9,4,2,10,10,1,6,6,3,7,7,5,2,1,4,2,2,4,2,3,4,1,1,4,1,1,5,2,1,3,4,4,3,4,5,3,3,2,2,3,2,4,2,2,1,3,4,1,1,1,2,2,2,3,1,1,1,1,2,3,2,1,3,3,2,2,3,3,4,1,1,1,1,1,1,2,2,6,2,3,2,2,2,3,2,1,5,1,3,5,2,3,4,4,4,4,4,4,5,2,3,5,2,3,7,3,3,1,7,7,1,8,7,3,2,1,6,2,4,3,2,3,4,3,2,4,2,2,3,2,2,2,4,3,2,5,4,5,2,2,2,2,1,2,5,4,6,3,4,4,2,3,6,2,3,2,2,5,6,5,4,5,4,6,4,6,6,3,5,5,3,6,7,5,7,8,3,2,5,2,2,4,2,3,5,2,4,5,3,4,5,1,1,1,2,3,6,2,3,5,2,8,9,4,5,7,3,3,5,2,3,5,10,2,7,2,"2021-09-14 20:50:43","Fun and easy","Repetition test",No,2,"2021-09-14 20:50:46",2
62,,"2021-09-14 19:46:48",610792c965f99b812af40d14,614133ef371c8667a2779d63,6140d2bf320df68dc96327b1,2,"2021-09-14 19:48:00",1,2,"2021-09-14 19:48:29",2,,20,1,,1,,freelancer,0,0,0,0,1,0,0,2,"2021-09-14 19:49:52",1,83,2,,2,"2021-09-14 20:50:27",,5,8,4,4,1,1,4,1,1,5,3,2,2,2,1,1,2,1,2,3,2,2,7,6,3,5,4,1,3,1,1,1,1,3,3,3,2,4,4,3,1,2,10,2,2,10,2,1,8,2,1,3,2,1,1,6,8,6,7,8,3,6,8,2,5,3,3,2,3,2,8,6,2,2,1,5,3,1,2,7,2,1,9,3,2,7,2,4,1,1,2,4,1,4,3,3,3,1,2,3,1,2,2,3,1,2,3,2,1,2,1,1,2,1,1,2,2,2,7,8,9,2,3,1,2,1,2,1,1,10,2,2,4,2,2,1,1,1,1,1,1,3,8,7,10,4,4,1,10,10,1,9,9,1,10,10,5,2,3,5,2,3,4,1,1,3,2,2,4,1,2,3,2,2,2,7,6,2,8,6,6,6,4,5,4,4,5,4,3,1,5,4,1,1,1,2,3,2,3,3,2,2,1,2,4,3,2,4,3,3,1,8,4,10,1,1,1,1,1,1,1,2,6,3,3,2,2,3,2,2,2,9,2,3,10,2,3,8,6,5,6,5,3,10,2,2,7,3,3,10,2,1,1,10,9,1,10,9,1,3,3,6,3,3,3,3,3,9,2,1,3,2,2,6,3,2,2,6,6,1,6,6,8,1,2,1,1,1,1,5,4,8,5,4,5,3,2,4,2,2,3,1,2,5,3,2,3,2,2,4,2,2,2,2,2,8,3,2,6,4,6,4,2,3,2,2,2,4,2,3,5,2,2,2,2,2,3,2,2,4,3,3,5,3,3,2,8,7,4,2,3,2,3,2,5,2,2,10,1,2,2,"2021-09-14 20:51:24","Interesting task but tedious","To examine people's categorical associations",no,2,"2021-09-14 20:51:27",2
63,,"2021-09-14 19:47:12",613bb7f2a06a3b358fe33f46,61412f895cd6047eb609c97e,6140d2bf320df68dc96327b1,2,,,0,,,,,,,,,,0,0,0,0,0,0,0,0,,,,0,,0,,,,,,,,,,,,,,,,,,,,,,,,,,,,,,,,,,,,,,,,,,,,,,,,,,,,,,,,,,,,,,,,,,,,,,,,,,,,,,,,,,,,,,,,,,,,,,,,,,,,,,,,,,,,,,,,,,,,,,,,,,,,,,,,,,,,,,,,,,,,,,,,,,,,,,,,,,,,,,,,,,,,,,,,,,,,,,,,,,,,,,,,,,,,,,,,,,,,,,,,,,,,,,,,,,,,,,,,,,,,,,,,,,,,,,,,,,,,,,,,,,,,,,,,,,,,,,,,,,,,,,,,,,,,,,,,,,,,,,,,,,,,,,,,,,,,,,,,,,,,,,,,,,,,,,,,,,,,,,,,,,,,,,,,,,,,,,,,,,,,,,,,,,,,,,,,,,,,,,,,,,,0,,,,,0,,0
64,,"2021-09-14 19:48:56",60fccc9d2411dc9547a23fc1,614134d6fe05a882ce3f0f3a,6140d2bf320df68dc96327b1,2,,,0,,,,,,,,,,0,0,0,0,0,0,0,0,,,,0,,0,,,,,,,,,,,,,,,,,,,,,,,,,,,,,,,,,,,,,,,,,,,,,,,,,,,,,,,,,,,,,,,,,,,,,,,,,,,,,,,,,,,,,,,,,,,,,,,,,,,,,,,,,,,,,,,,,,,,,,,,,,,,,,,,,,,,,,,,,,,,,,,,,,,,,,,,,,,,,,,,,,,,,,,,,,,,,,,,,,,,,,,,,,,,,,,,,,,,,,,,,,,,,,,,,,,,,,,,,,,,,,,,,,,,,,,,,,,,,,,,,,,,,,,,,,,,,,,,,,,,,,,,,,,,,,,,,,,,,,,,,,,,,,,,,,,,,,,,,,,,,,,,,,,,,,,,,,,,,,,,,,,,,,,,,,,,,,,,,,,,,,,,,,,,,,,,,,,,,,,,,,,0,,,,,0,,0
65,,"2021-09-14 19:49:34",60fccc9d2411dc9547a23fc1,614134d6fe05a882ce3f0f3a,6140d2bf320df68dc96327b1,2,,,0,,,,,,,,,,0,0,0,0,0,0,0,0,,,,0,,0,,,,,,,,,,,,,,,,,,,,,,,,,,,,,,,,,,,,,,,,,,,,,,,,,,,,,,,,,,,,,,,,,,,,,,,,,,,,,,,,,,,,,,,,,,,,,,,,,,,,,,,,,,,,,,,,,,,,,,,,,,,,,,,,,,,,,,,,,,,,,,,,,,,,,,,,,,,,,,,,,,,,,,,,,,,,,,,,,,,,,,,,,,,,,,,,,,,,,,,,,,,,,,,,,,,,,,,,,,,,,,,,,,,,,,,,,,,,,,,,,,,,,,,,,,,,,,,,,,,,,,,,,,,,,,,,,,,,,,,,,,,,,,,,,,,,,,,,,,,,,,,,,,,,,,,,,,,,,,,,,,,,,,,,,,,,,,,,,,,,,,,,,,,,,,,,,,,,,,,,,,,0,,,,,0,,0
66,,"2021-09-14 19:49:56",611348a5ba46c944424223a4,614135064153bb00c8f4b7ba,6140d2bf320df68dc96327b1,2,"2021-09-14 19:50:22",1,2,"2021-09-14 19:50:41",2,,18,1,,1,,"Dog Groomer",0,0,0,0,1,0,0,2,"2021-09-14 19:51:20",1,100,2,,0,,,,,,,,,,,,,,,,,,,,,,,,,,,,,,,,,,,,,,,,,,,,,,,,,,,,,,,,,,,,,,,,,,,,,,,,,,,,,,,,,,,,,,,,,,,,,,,,,,,,,,,,,,,,,,,,,,,,,,,,,,,,,,,,,,,,,,,,,,,,,,,,,,,,,,,,,,,,,,,,,,,,,,,,,,,,,,,,,,,,,,,,,,,,,,,,,,,,,,,,,,,,,,,,,,,,,,,,,,,,,,,,,,,,,,,,,,,,,,,,,,,,,,,,,,,,,,,,,,,,,,,,,,,,,,,,,,,,,,,,,,,,,,,,,,,,,,,,,,,,,,,,,,,,,,,,,,,,,,,,,,,,,,,,,,,,,,,,,,,,,,,,,,,,,,,,,,,,,,,,,,,0,,,,,0,,0
67,,"2021-09-14 19:50:03",6110a26980fce301da35f8a8,6141350238e2120ecc956a82,6140d2bf320df68dc96327b1,2,,,0,,,,,,,,,,0,0,0,0,0,0,0,0,,,,0,,0,,,,,,,,,,,,,,,,,,,,,,,,,,,,,,,,,,,,,,,,,,,,,,,,,,,,,,,,,,,,,,,,,,,,,,,,,,,,,,,,,,,,,,,,,,,,,,,,,,,,,,,,,,,,,,,,,,,,,,,,,,,,,,,,,,,,,,,,,,,,,,,,,,,,,,,,,,,,,,,,,,,,,,,,,,,,,,,,,,,,,,,,,,,,,,,,,,,,,,,,,,,,,,,,,,,,,,,,,,,,,,,,,,,,,,,,,,,,,,,,,,,,,,,,,,,,,,,,,,,,,,,,,,,,,,,,,,,,,,,,,,,,,,,,,,,,,,,,,,,,,,,,,,,,,,,,,,,,,,,,,,,,,,,,,,,,,,,,,,,,,,,,,,,,,,,,,,,,,,,,,,,0,,,,,0,,0
68,,"2021-09-14 19:50:11",60fccc9d2411dc9547a23fc1,614134d6fe05a882ce3f0f3a,6140d2bf320df68dc96327b1,2,,,0,,,,,,,,,,0,0,0,0,0,0,0,0,,,,0,,0,,,,,,,,,,,,,,,,,,,,,,,,,,,,,,,,,,,,,,,,,,,,,,,,,,,,,,,,,,,,,,,,,,,,,,,,,,,,,,,,,,,,,,,,,,,,,,,,,,,,,,,,,,,,,,,,,,,,,,,,,,,,,,,,,,,,,,,,,,,,,,,,,,,,,,,,,,,,,,,,,,,,,,,,,,,,,,,,,,,,,,,,,,,,,,,,,,,,,,,,,,,,,,,,,,,,,,,,,,,,,,,,,,,,,,,,,,,,,,,,,,,,,,,,,,,,,,,,,,,,,,,,,,,,,,,,,,,,,,,,,,,,,,,,,,,,,,,,,,,,,,,,,,,,,,,,,,,,,,,,,,,,,,,,,,,,,,,,,,,,,,,,,,,,,,,,,,,,,,,,,,,0,,,,,0,,0
69,,"2021-09-14 19:51:37",60fccc9d2411dc9547a23fc1,614134d6fe05a882ce3f0f3a,6140d2bf320df68dc96327b1,2,,,0,,,,,,,,,,0,0,0,0,0,0,0,0,,,,0,,0,,,,,,,,,,,,,,,,,,,,,,,,,,,,,,,,,,,,,,,,,,,,,,,,,,,,,,,,,,,,,,,,,,,,,,,,,,,,,,,,,,,,,,,,,,,,,,,,,,,,,,,,,,,,,,,,,,,,,,,,,,,,,,,,,,,,,,,,,,,,,,,,,,,,,,,,,,,,,,,,,,,,,,,,,,,,,,,,,,,,,,,,,,,,,,,,,,,,,,,,,,,,,,,,,,,,,,,,,,,,,,,,,,,,,,,,,,,,,,,,,,,,,,,,,,,,,,,,,,,,,,,,,,,,,,,,,,,,,,,,,,,,,,,,,,,,,,,,,,,,,,,,,,,,,,,,,,,,,,,,,,,,,,,,,,,,,,,,,,,,,,,,,,,,,,,,,,,,,,,,,,,0,,,,,0,,0
70,,"2021-09-14 19:52:14",6110a26980fce301da35f8a8,6141350238e2120ecc956a82,6140d2bf320df68dc96327b1,2,,,0,,,,,,,,,,0,0,0,0,0,0,0,0,,,,0,,0,,,,,,,,,,,,,,,,,,,,,,,,,,,,,,,,,,,,,,,,,,,,,,,,,,,,,,,,,,,,,,,,,,,,,,,,,,,,,,,,,,,,,,,,,,,,,,,,,,,,,,,,,,,,,,,,,,,,,,,,,,,,,,,,,,,,,,,,,,,,,,,,,,,,,,,,,,,,,,,,,,,,,,,,,,,,,,,,,,,,,,,,,,,,,,,,,,,,,,,,,,,,,,,,,,,,,,,,,,,,,,,,,,,,,,,,,,,,,,,,,,,,,,,,,,,,,,,,,,,,,,,,,,,,,,,,,,,,,,,,,,,,,,,,,,,,,,,,,,,,,,,,,,,,,,,,,,,,,,,,,,,,,,,,,,,,,,,,,,,,,,,,,,,,,,,,,,,,,,,,,,,0,,,,,0,,0
71,,"2021-09-14 19:52:24",611465b0cdf9e7bb34a05898,614135a39df157db44a37178,6140d2bf320df68dc96327b1,2,,,0,,,,,,,,,,0,0,0,0,0,0,0,0,,,,0,,0,,,,,,,,,,,,,,,,,,,,,,,,,,,,,,,,,,,,,,,,,,,,,,,,,,,,,,,,,,,,,,,,,,,,,,,,,,,,,,,,,,,,,,,,,,,,,,,,,,,,,,,,,,,,,,,,,,,,,,,,,,,,,,,,,,,,,,,,,,,,,,,,,,,,,,,,,,,,,,,,,,,,,,,,,,,,,,,,,,,,,,,,,,,,,,,,,,,,,,,,,,,,,,,,,,,,,,,,,,,,,,,,,,,,,,,,,,,,,,,,,,,,,,,,,,,,,,,,,,,,,,,,,,,,,,,,,,,,,,,,,,,,,,,,,,,,,,,,,,,,,,,,,,,,,,,,,,,,,,,,,,,,,,,,,,,,,,,,,,,,,,,,,,,,,,,,,,,,,,,,,,,0,,,,,0,,0
72,,"2021-09-14 19:52:25",61084cd46632326d246a90f5,6141359b30dd40860dff1e72,6140d2bf320df68dc96327b1,2,,,0,,,,,,,,,,0,0,0,0,0,0,0,0,,,,0,,0,,,,,,,,,,,,,,,,,,,,,,,,,,,,,,,,,,,,,,,,,,,,,,,,,,,,,,,,,,,,,,,,,,,,,,,,,,,,,,,,,,,,,,,,,,,,,,,,,,,,,,,,,,,,,,,,,,,,,,,,,,,,,,,,,,,,,,,,,,,,,,,,,,,,,,,,,,,,,,,,,,,,,,,,,,,,,,,,,,,,,,,,,,,,,,,,,,,,,,,,,,,,,,,,,,,,,,,,,,,,,,,,,,,,,,,,,,,,,,,,,,,,,,,,,,,,,,,,,,,,,,,,,,,,,,,,,,,,,,,,,,,,,,,,,,,,,,,,,,,,,,,,,,,,,,,,,,,,,,,,,,,,,,,,,,,,,,,,,,,,,,,,,,,,,,,,,,,,,,,,,,,0,,,,,0,,0
73,,"2021-09-14 19:53:26",613aa7b98f3d94f2d830bbe7,6141359eb46002baecfd095e,6140d2bf320df68dc96327b1,2,"2021-09-14 19:54:06",1,2,"2021-09-14 19:54:47",2,,24,1,,2,3,"English teacher",0,0,0,0,0,0,1,2,"2021-09-14 19:55:54",1,86,2,,2,"2021-09-14 22:39:18",,8,7,7,10,2,1,7,2,1,8,5,7,6,2,1,5,9,4,7,10,4,2,9,8,10,7,7,1,9,2,2,1,2,9,1,7,2,9,6,10,1,3,10,1,1,10,1,1,10,10,1,10,4,2,1,9,10,10,10,10,8,9,10,3,8,3,2,1,5,1,7,8,3,1,3,4,1,3,1,1,3,1,10,4,1,8,4,10,1,2,1,6,1,6,4,4,8,2,3,8,1,3,1,4,2,5,7,3,1,1,1,5,5,1,2,3,5,1,9,10,7,1,4,1,1,2,4,2,2,10,1,2,6,3,3,1,1,1,1,3,2,4,9,8,8,4,4,1,10,10,1,10,10,2,10,10,4,1,4,4,1,3,6,2,2,6,4,3,7,2,3,4,3,3,3,7,8,10,10,7,8,3,3,5,2,3,4,3,4,3,6,5,1,1,2,4,3,2,7,1,3,6,1,2,8,6,2,7,5,3,3,8,5,10,1,2,4,1,2,6,1,2,10,3,3,8,7,2,7,2,2,10,4,3,10,2,3,7,9,4,2,9,4,10,1,2,10,6,3,10,1,3,3,10,10,1,10,10,4,3,4,8,3,5,4,1,4,7,2,2,7,4,2,7,1,3,7,4,6,2,10,5,10,1,2,1,1,2,4,5,5,9,3,4,7,2,4,7,3,3,5,1,3,8,5,3,9,3,3,9,4,3,9,6,3,9,7,3,5,6,6,8,2,4,1,1,3,3,4,5,2,1,4,2,5,4,10,1,2,6,1,4,9,3,5,2,8,6,9,3,4,4,2,3,7,1,3,8,2,2,2,"2021-09-14 22:40:24","It was alright, a little confusing ","how we perceive objects ","it was pretty long ",2,,0
74,,"2021-09-14 19:54:51",61098d895dc754f8dae63e2b,6141363ec9d2346cfb3d9cbe,6140d2bf320df68dc96327b1,2,"2021-09-14 19:55:12",1,2,"2021-09-14 19:55:37",1,,21,1,,1,,Student,0,0,0,0,1,0,0,2,"2021-09-14 19:56:43",1,90,2,,2,"2021-09-14 20:46:24",,8,5,5,5,1,1,5,1,1,7,4,3,4,2,1,3,1,2,4,2,2,4,7,5,3,3,4,3,2,1,3,2,2,5,3,4,3,3,3,3,1,1,10,2,3,10,3,1,9,2,1,5,3,1,2,7,5,6,8,7,7,7,7,3,4,2,2,2,2,2,8,5,2,1,2,8,1,2,1,7,3,1,8,3,1,7,3,5,1,1,4,4,2,8,5,4,2,1,1,4,1,1,4,3,1,5,4,3,1,1,1,2,3,1,1,2,3,3,8,7,5,2,2,1,2,3,2,1,1,9,2,2,3,2,1,2,2,1,2,2,2,3,6,5,7,3,3,2,10,9,1,10,9,1,10,9,3,1,2,3,1,2,2,1,2,3,2,2,4,2,1,6,2,2,2,6,6,2,7,5,4,7,3,6,5,3,5,5,3,2,4,3,2,1,1,2,2,2,3,2,3,3,2,2,6,2,2,6,5,3,1,6,4,10,1,3,1,1,2,1,1,2,10,2,3,3,2,2,2,2,2,10,1,2,10,1,2,9,3,4,7,5,5,9,2,3,8,4,3,10,2,2,1,8,9,2,9,9,2,2,2,7,3,2,4,2,2,7,2,2,6,3,3,6,4,3,2,6,4,1,6,5,8,1,2,2,1,2,2,4,3,7,3,3,5,4,3,6,3,3,2,2,2,5,6,4,6,3,3,6,2,3,5,4,3,10,4,3,7,5,5,3,2,2,2,1,2,2,2,2,4,3,3,3,3,3,2,2,2,8,5,4,3,2,2,3,8,4,5,3,3,7,3,3,7,3,3,9,2,3,2,"2021-09-14 20:47:01","It was cool, but kind of long and tedious","Gather information about object association",No,2,"2021-09-14 20:47:04",2
75,,"2021-09-14 19:56:11",613aa658cf120c357fba7dd6,61413677b2050a3a125720fa,6140d2bf320df68dc96327b1,2,"2021-09-14 19:56:58",1,2,"2021-09-14 19:57:37",1,,21,1,,2,3,Student,0,0,0,0,0,1,0,2,"2021-09-14 19:59:10",1,100,2,,2,"2021-09-14 20:56:30",,7,10,8,8,1,3,8,1,2,6,4,5,1,1,1,2,1,1,1,4,2,6,7,9,9,10,7,1,7,1,1,1,4,7,4,3,1,4,3,8,1,3,10,1,3,10,1,2,10,2,3,9,1,2,1,6,7,5,8,7,6,6,6,2,3,2,1,1,3,1,7,4,3,1,3,4,1,2,1,1,1,1,8,4,2,1,3,10,1,1,1,1,1,3,4,2,5,1,1,6,2,2,1,1,1,3,4,2,1,1,1,1,1,1,3,2,2,1,9,5,6,3,4,1,3,4,1,2,1,10,2,2,4,1,1,1,1,1,1,1,1,7,9,6,8,4,4,1,10,9,1,10,7,1,10,9,4,1,2,3,1,2,3,1,1,2,3,2,7,1,1,2,4,2,4,7,5,8,9,6,7,9,3,2,1,2,4,4,3,1,4,3,1,1,1,5,3,3,3,1,4,2,1,3,5,4,3,4,8,3,1,10,2,10,2,2,2,1,1,2,1,3,9,4,4,3,2,3,3,3,2,10,2,2,10,1,2,6,7,6,5,5,7,10,2,2,6,4,4,10,1,2,1,10,9,1,10,9,3,3,5,3,5,6,2,3,4,7,1,1,8,1,2,4,3,3,3,1,2,1,7,5,10,1,2,3,1,2,1,4,3,7,5,3,4,4,3,5,3,4,3,1,4,3,5,3,5,3,5,5,3,4,3,3,2,8,3,4,6,8,6,4,2,3,2,4,3,2,5,3,3,2,2,2,1,1,6,3,2,6,7,6,9,3,5,2,9,3,5,4,4,3,2,2,4,2,2,9,1,2,2,"2021-09-14 20:57:24","easy and a nice set of instructions and activities.","machine learning.",no.,2,"2021-09-14 20:57:32",2
76,,"2021-09-14 19:56:51",5efbd29efa42a718ebf2dcc6,614135a112dde7ec3f82d5c4,6140d2bf320df68dc96327b1,2,"2021-09-14 20:03:34",1,2,"2021-09-14 20:04:00",2,,19,1,,1,,student,0,0,0,0,0,0,1,2,"2021-09-14 20:05:25",1,100,2,,0,,,,,,,,,,,,,,,,,,,,,,,,,,,,,,,,,,,,,,,,,,,,,,,,,,,,,,,,,,,,,,,,,,,,,,,,,,,,,,,,,,,,,,,,,,,,,,,,,,,,,,,,,,,,,,,,,,,,,,,,,,,,,,,,,,,,,,,,,,,,,,,,,,,,,,,,,,,,,,,,,,,,,,,,,,,,,,,,,,,,,,,,,,,,,,,,,,,,,,,,,,,,,,,,,,,,,,,,,,,,,,,,,,,,,,,,,,,,,,,,,,,,,,,,,,,,,,,,,,,,,,,,,,,,,,,,,,,,,,,,,,,,,,,,,,,,,,,,,,,,,,,,,,,,,,,,,,,,,,,,,,,,,,,,,,,,,,,,,,,,,,,,,,,,,,,,,,,,,,,,,,,0,,,,,0,,0
77,,"2021-09-14 19:56:55",6101610ab288a2d5b97d3688,6141358979ce812a39061529,6140d2bf320df68dc96327b1,2,"2021-09-14 19:57:31",1,2,"2021-09-14 19:57:48",2,,21,1,,1,,student,0,0,0,0,1,0,0,2,,,,0,,0,,,,,,,,,,,,,,,,,,,,,,,,,,,,,,,,,,,,,,,,,,,,,,,,,,,,,,,,,,,,,,,,,,,,,,,,,,,,,,,,,,,,,,,,,,,,,,,,,,,,,,,,,,,,,,,,,,,,,,,,,,,,,,,,,,,,,,,,,,,,,,,,,,,,,,,,,,,,,,,,,,,,,,,,,,,,,,,,,,,,,,,,,,,,,,,,,,,,,,,,,,,,,,,,,,,,,,,,,,,,,,,,,,,,,,,,,,,,,,,,,,,,,,,,,,,,,,,,,,,,,,,,,,,,,,,,,,,,,,,,,,,,,,,,,,,,,,,,,,,,,,,,,,,,,,,,,,,,,,,,,,,,,,,,,,,,,,,,,,,,,,,,,,,,,,,,,,,,,,,,,,,0,,,,,0,,0
78,,"2021-09-14 19:59:35",613bb7f2a06a3b358fe33f46,61412f895cd6047eb609c97e,6140d2bf320df68dc96327b1,2,"2021-09-14 20:00:00",1,2,"2021-09-14 20:00:26",1,,21,1,,1,,Student,0,0,0,0,1,0,0,2,"2021-09-14 20:01:18",1,100,2,"2021-09-14 21:22:28",2,"2021-09-14 21:14:46",,5,8,7,9,3,3,8,3,4,3,4,3,4,3,2,2,3,1,3,2,1,2,6,4,7,4,3,2,2,1,2,2,1,6,5,5,4,4,3,6,2,2,7,3,2,8,2,2,9,3,2,8,2,1,1,7,4,6,7,5,2,5,3,5,6,2,3,2,1,4,6,5,4,2,2,6,3,2,2,7,2,3,8,3,3,7,2,4,2,2,5,3,1,4,1,1,3,2,1,3,1,1,4,1,1,5,2,1,3,2,1,4,2,1,2,1,2,3,9,8,3,2,1,1,1,1,2,2,1,7,3,2,5,2,1,2,1,1,2,1,1,4,6,7,5,7,6,2,9,8,1,1,4,3,8,3,5,2,2,6,2,2,2,1,1,2,2,1,7,2,2,5,3,1,3,7,6,6,8,4,5,3,2,4,5,2,4,6,3,4,4,2,2,1,1,2,1,1,4,3,2,3,3,2,6,4,3,4,2,2,2,7,4,4,2,2,4,2,1,3,3,1,5,2,1,2,1,1,3,2,1,6,3,2,8,2,2,5,5,3,2,5,2,3,3,2,6,3,2,7,4,1,2,9,8,3,9,9,2,2,1,2,1,1,3,2,1,5,3,2,6,2,1,2,2,1,3,6,4,2,3,2,5,1,1,2,2,1,1,4,2,5,4,3,2,2,1,2,2,2,2,2,1,4,3,1,3,2,2,3,2,2,4,2,1,6,3,1,6,4,3,2,1,1,3,2,2,3,3,1,1,1,1,3,2,2,2,2,1,5,2,1,6,2,2,4,7,5,4,2,1,3,2,2,3,1,1,6,2,2,2,"2021-09-14 21:24:15","It was quite long, though interesting","to know how we can judge similarity between different object and also rate them on how similar they are to unfamiliar words.",no,2,"2021-09-14 21:25:16",2
79,,"2021-09-14 20:00:05",613ff27bfc16f6849d1dc1e1,6141373c02c7f119f25ae95e,6140d2bf320df68dc96327b1,2,"2021-09-14 20:01:11",1,2,"2021-09-14 20:01:42",2,,18,1,,1,,Student,0,0,0,0,1,0,0,2,"2021-09-14 20:02:25",1,71,2,,2,"2021-09-14 20:58:35",,5,8,7,7,1,2,6,1,2,8,4,4,4,2,1,3,2,2,2,4,3,3,6,5,7,8,8,2,5,2,1,1,2,4,2,5,3,4,4,4,1,3,10,2,2,10,2,1,10,1,1,6,1,2,1,9,9,3,9,9,4,8,9,3,7,4,2,2,5,3,9,8,2,1,2,4,1,2,1,6,4,1,7,4,1,6,3,6,1,1,3,3,1,6,3,3,3,1,1,2,1,1,2,3,1,2,4,3,1,1,1,1,2,1,1,2,4,2,8,8,3,1,3,1,1,1,2,1,1,7,1,2,4,2,2,1,1,1,1,1,1,4,8,8,7,6,5,2,10,10,1,10,10,1,10,10,2,1,3,2,1,3,2,1,1,3,1,1,3,1,1,3,1,1,3,8,8,5,9,6,3,3,2,4,3,3,5,5,3,2,7,4,1,1,1,1,1,1,5,1,3,4,1,2,6,1,1,7,5,3,1,7,5,9,1,1,4,1,2,2,1,1,7,1,3,5,5,5,4,1,2,8,1,4,10,1,4,8,6,5,5,7,4,9,3,3,9,2,3,10,1,1,1,10,10,1,10,10,4,3,4,6,3,4,4,3,4,6,1,1,5,2,2,6,3,3,3,7,6,1,8,6,8,1,2,1,1,1,2,6,5,7,7,5,8,2,4,5,2,2,1,1,3,6,3,3,7,1,2,8,1,2,5,1,2,9,1,3,7,8,8,3,1,3,2,2,2,2,3,4,7,1,3,4,2,3,4,3,2,6,4,3,4,2,4,3,8,6,7,3,3,7,1,2,8,1,2,9,1,2,2,"2021-09-14 20:59:42","Interesting but a bit confusing at some points","To test relative association between different objects",No,2,"2021-09-14 20:59:45",2
80,,"2021-09-14 20:02:05",6107527f2b4db80299830ae8,614137e86a3c62b5994b1666,6140d2bf320df68dc96327b1,2,"2021-09-14 20:02:37",1,2,"2021-09-14 20:03:04",2,,23,1,,1,,"pharmacy technician",0,0,0,0,1,0,0,2,"2021-09-14 20:04:12",1,72,2,,2,"2021-09-14 20:52:10",,8,9,6,7,2,2,7,2,2,5,3,3,5,2,1,4,3,2,3,5,2,2,7,6,8,8,8,4,5,1,3,1,1,7,2,2,6,7,6,6,1,1,10,4,2,10,2,1,10,2,1,7,3,1,4,9,6,6,8,3,7,5,6,4,9,3,3,3,2,3,8,4,3,1,1,4,1,1,2,8,1,2,10,2,3,8,1,10,1,1,4,6,1,6,4,2,3,1,1,3,1,1,3,1,1,3,2,1,3,1,1,3,1,1,3,1,1,4,9,6,7,3,2,2,1,1,3,1,1,10,4,2,5,2,1,2,1,1,2,1,1,5,8,6,10,6,4,3,9,9,3,9,9,2,9,9,8,2,2,8,2,2,8,3,2,7,2,2,7,2,1,6,2,1,4,8,7,5,9,6,8,6,3,6,3,3,8,5,2,3,6,3,2,1,1,3,2,1,3,1,2,2,1,1,5,2,1,4,2,2,3,8,5,9,2,1,2,1,1,3,1,1,9,3,2,6,2,2,3,2,1,10,2,3,10,2,3,9,3,2,8,3,2,9,2,2,7,2,2,10,1,1,3,8,8,2,10,10,3,2,2,4,2,2,2,1,2,6,3,1,7,2,1,4,2,2,4,7,3,2,8,3,10,1,1,2,1,1,3,6,3,8,5,2,4,2,2,2,2,2,4,2,1,4,2,1,4,2,1,4,1,1,3,1,1,5,3,1,7,5,2,2,1,2,2,1,1,5,2,1,4,1,1,2,1,1,5,1,1,3,3,1,8,2,2,6,9,7,6,3,2,3,1,1,3,1,1,7,2,1,2,"2021-09-14 20:52:39",Fair,"No idea",No,2,,0
81,,"2021-09-14 20:17:29",61087340524af628c86bc38c,61413b8490c3d1efa7d6c888,6140d2bf320df68dc96327b1,2,"2021-09-14 20:18:19",1,2,"2021-09-14 20:18:38",2,,23,1,,1,,"Patient care coordinator",0,0,0,0,1,0,0,2,"2021-09-14 20:19:09",1,100,2,,2,"2021-09-14 21:07:16",,7,4,5,8,1,2,6,1,2,7,2,4,3,2,2,3,2,2,3,5,3,6,9,6,7,7,7,2,1,2,2,1,2,8,1,3,2,4,5,8,1,2,9,4,3,10,3,1,9,2,1,8,1,2,1,9,8,6,9,8,6,9,9,2,7,3,3,2,3,2,10,8,2,1,2,6,1,2,2,9,3,1,10,4,2,9,2,9,1,2,2,6,2,8,4,3,1,1,2,2,1,2,2,2,2,2,4,2,1,2,2,2,3,2,1,2,5,1,8,8,7,1,2,1,1,4,2,2,2,8,2,2,5,1,3,1,1,1,1,2,2,3,8,8,9,2,5,1,10,10,1,10,10,2,10,10,8,2,4,8,2,4,8,1,2,4,2,2,8,1,2,7,1,3,2,9,7,2,9,7,7,7,4,6,7,4,7,2,2,1,6,5,1,1,3,2,1,2,5,2,4,1,2,3,7,2,2,7,6,4,1,8,5,9,1,2,1,1,3,1,1,4,9,2,4,6,2,2,2,2,3,9,2,4,10,2,4,8,7,6,7,6,6,9,2,3,8,3,4,9,3,3,1,9,9,1,9,9,1,1,4,8,2,6,3,1,5,9,1,2,7,3,3,7,3,4,1,5,6,1,7,6,8,2,4,1,1,3,2,6,5,7,5,5,8,3,3,6,2,5,7,1,4,7,3,5,7,2,5,6,1,5,4,3,5,9,3,5,8,8,8,6,2,4,2,2,3,5,2,4,6,2,3,2,2,4,7,2,3,7,3,5,8,2,5,1,9,8,9,2,4,7,2,4,8,2,4,9,1,3,2,"2021-09-14 21:07:48","It was unique and fun!","I think it was testing object association.",No,2,,0
82,,"2021-09-14 20:24:36",6110a3cea048e6a387686a00,61413d256e9f5480e6da9863,6140d2bf320df68dc96327b1,2,"2021-09-14 20:24:46",1,2,"2021-09-14 20:25:38",2,,24,1,,1,,student,0,0,0,0,1,0,0,2,"2021-09-14 20:25:50",1,73,2,,2,"2021-09-14 21:29:29",,6,6,6,9,1,2,7,1,2,6,6,5,2,3,1,2,2,2,3,2,2,3,7,7,4,5,8,4,7,2,3,3,3,4,4,4,6,3,2,8,1,2,10,7,2,10,4,2,8,4,3,7,5,5,2,9,9,9,9,10,8,8,8,6,7,4,4,5,4,5,8,6,2,2,2,6,7,2,5,5,3,3,10,4,4,10,3,6,6,3,4,4,3,5,5,5,5,3,3,5,3,3,4,3,4,6,5,4,4,4,4,4,4,3,5,5,5,3,7,4,7,4,4,3,1,1,3,1,1,8,8,1,5,3,2,3,3,3,3,3,3,4,9,9,10,5,4,3,10,10,3,5,6,3,9,9,8,3,2,7,2,2,4,3,3,3,3,3,7,3,3,3,3,3,3,7,5,8,8,7,6,6,4,5,5,5,4,4,4,4,4,4,2,2,2,4,4,4,3,3,3,3,3,2,5,5,2,5,7,3,3,7,3,8,1,2,3,3,3,3,3,3,3,3,3,3,3,2,5,3,3,3,3,3,6,3,3,9,7,7,9,7,8,8,4,4,7,6,4,10,3,3,4,7,5,4,4,8,5,4,4,5,4,4,5,4,4,4,4,4,3,3,3,5,3,3,3,3,3,3,5,5,9,8,8,5,5,5,4,5,5,5,6,5,6,5,5,4,4,5,2,2,2,3,4,4,4,4,4,4,4,4,4,4,4,6,6,4,3,3,3,2,2,2,2,2,2,2,1,3,4,4,4,3,3,3,3,4,2,3,3,3,5,4,5,3,6,5,6,5,6,6,5,5,4,4,4,5,5,5,2,"2021-09-14 21:29:41","very long","no idea",no,2,"2021-09-14 21:29:46",2
83,,"2021-09-14 20:34:15",6132c13194808d59aae1cc62,61413e2fda52ddc87b88a21c,6140d2bf320df68dc96327b1,2,"2021-09-14 20:36:59",1,2,"2021-09-14 20:37:39",2,,20,1,,1,,unemployed,0,0,0,0,0,0,1,2,"2021-09-14 20:38:59",1,81,2,,2,"2021-09-14 21:45:27",,8,7,6,8,1,1,7,1,1,8,6,6,6,2,2,2,2,2,1,3,2,3,7,8,7,6,7,1,2,1,2,2,2,5,3,4,3,4,5,7,1,2,10,4,7,10,3,3,7,2,2,7,2,1,1,7,9,6,8,9,7,8,9,3,5,3,4,3,3,2,7,8,2,1,2,3,1,2,2,5,3,1,9,5,1,7,3,7,1,1,2,3,3,8,4,4,3,1,2,3,1,2,2,2,1,3,4,3,2,1,1,1,2,1,1,2,3,2,7,9,5,3,3,1,3,4,2,2,1,6,1,1,4,3,1,2,1,1,1,1,1,3,7,7,8,7,7,1,10,10,1,10,10,1,10,10,6,2,2,7,3,2,5,3,3,3,3,2,4,2,2,4,2,3,2,8,7,4,9,9,6,7,3,4,5,3,4,10,10,1,5,3,1,1,1,2,3,2,4,3,3,2,2,2,4,3,2,7,5,3,1,9,4,10,3,3,2,1,1,2,2,2,10,3,3,3,2,2,5,2,2,10,4,4,10,4,4,10,7,7,2,6,5,10,5,4,9,4,3,10,3,3,1,10,10,1,10,10,1,3,3,9,4,4,4,4,4,8,3,1,6,3,3,6,4,3,2,6,4,1,8,7,8,1,1,1,2,2,1,5,4,7,5,5,4,4,3,5,2,2,4,2,3,5,4,4,5,3,4,5,3,3,4,3,3,10,5,5,8,7,7,7,4,4,4,4,4,6,3,2,5,3,3,6,4,4,6,3,3,8,6,5,7,5,5,2,9,6,10,5,5,5,4,4,7,3,4,9,1,1,2,"2021-09-14 21:46:06","it was boring","probably to see how we perceive objects",no,2,"2021-09-14 21:46:09",2
84,,"2021-09-14 20:46:22",6108666b401f2eb3e96153bd,614142355a7080ce4a165562,6140d2bf320df68dc96327b1,2,"2021-09-14 20:47:06",1,2,"2021-09-14 20:47:35",2,,22,1,,1,,"Sales Associate",0,0,0,0,1,0,0,2,"2021-09-14 20:48:30",1,71,2,,2,"2021-09-14 21:39:43",,7,5,8,2,1,2,2,2,2,4,2,2,1,1,1,2,2,1,2,3,3,3,8,7,8,5,7,2,1,1,1,1,2,2,2,3,3,2,3,1,1,2,10,1,1,10,1,1,8,2,1,2,2,1,2,9,9,3,8,9,7,6,8,2,7,2,2,2,3,3,9,6,2,1,2,6,2,2,2,5,3,2,9,4,2,4,2,3,1,1,2,5,2,8,2,2,1,2,2,1,2,2,2,2,3,2,2,2,1,1,1,1,1,1,1,4,4,2,8,9,3,2,4,1,2,3,2,1,1,5,2,2,3,2,2,1,1,1,1,2,2,3,8,8,3,4,3,1,10,10,1,10,10,2,10,10,3,1,3,2,1,3,2,1,1,2,1,1,2,1,1,2,1,1,2,6,7,2,6,6,2,8,4,2,3,4,3,6,3,2,6,3,2,1,1,2,1,1,2,2,2,2,2,2,3,2,1,3,4,3,2,7,4,5,1,1,2,2,2,1,2,2,4,2,1,1,1,1,2,1,1,5,2,3,9,2,2,8,4,4,8,6,5,6,3,2,3,2,2,8,2,2,2,10,10,1,10,10,2,2,3,3,2,2,2,2,2,4,2,1,2,1,1,3,2,2,3,4,4,1,5,4,8,2,2,1,1,1,2,5,4,4,4,4,3,3,2,5,2,2,1,1,1,3,2,2,4,2,2,4,2,2,3,2,2,5,2,2,5,6,5,2,2,3,2,2,1,2,2,3,3,2,2,1,1,1,1,1,1,2,2,2,3,2,3,3,7,8,4,2,2,3,2,2,3,2,2,5,1,2,2,"2021-09-14 21:40:21","It made me think about my decisions. ","To see how our brains analyze things differently. ",No,2,"2021-09-14 21:40:27",2
85,,"2021-09-14 22:12:29",610222b97be726dfedb61b42,61414ca683d888da5cc46e52,6140d2bf320df68dc96327b1,2,"2021-09-14 22:12:54",1,2,"2021-09-14 22:14:19",3,,18,1,,1,,"Unemployed searching for job",0,0,0,0,1,0,0,2,"2021-09-14 22:15:21",1,100,2,,2,"2021-09-14 23:36:17",,7,5,5,10,1,3,9,1,3,5,2,4,8,2,2,3,2,3,3,2,3,3,5,6,7,6,7,2,3,3,4,2,3,8,3,5,4,3,5,9,1,3,10,2,2,10,2,1,8,2,3,10,2,2,1,6,6,6,6,6,4,5,6,3,4,4,4,2,4,2,6,5,7,1,3,8,2,4,3,4,3,2,7,4,2,4,3,9,1,1,2,3,2,7,3,3,6,1,2,7,2,2,2,2,1,2,2,3,3,2,2,2,2,2,2,1,3,1,4,5,8,1,1,5,2,2,5,2,1,10,2,3,7,2,2,1,2,1,1,2,1,6,6,7,8,3,4,1,7,8,1,7,7,1,8,8,9,1,4,8,1,4,9,2,1,8,2,2,10,2,1,8,2,4,5,5,5,5,4,4,8,4,3,5,4,3,7,3,2,2,3,4,1,2,1,3,3,3,7,2,3,3,1,3,7,3,2,5,2,3,1,3,3,8,1,1,5,1,2,5,2,3,10,2,4,6,2,2,5,2,2,9,2,4,10,2,4,5,3,5,4,3,3,8,2,2,9,3,3,10,2,2,1,8,8,1,8,8,5,1,3,7,2,4,6,1,3,7,1,1,7,2,2,5,2,3,4,4,4,1,3,4,9,1,1,5,2,2,2,3,4,8,3,4,6,2,3,5,2,4,7,2,4,6,2,4,6,2,3,6,2,3,7,2,3,9,2,4,7,3,5,7,2,3,3,2,3,6,3,3,6,2,3,6,2,3,6,1,2,5,2,3,8,1,3,3,4,6,5,2,3,6,2,3,5,1,3,7,1,2,2,"2021-09-14 23:36:38","really long and tedious","to see brain patterns ",,2,,0
86,,"2021-09-14 22:13:01",60fefa8d26f46e84a295b223,614156872baaa5c1f76ea970,6140d2bf320df68dc96327b1,2,"2021-09-14 22:14:41",1,2,"2021-09-14 22:15:00",2,,20,1,,1,,student,0,0,0,0,1,1,0,2,"2021-09-14 22:15:43",1,88,2,,2,"2021-09-14 23:00:22",,5,6,8,7,3,2,4,2,2,7,5,4,3,3,1,3,5,1,3,5,1,4,7,8,7,6,8,3,5,1,3,2,2,7,5,6,3,5,3,8,2,2,9,4,2,9,4,2,7,3,2,8,4,2,2,7,9,8,8,9,5,7,8,4,6,3,4,3,3,3,8,6,4,3,2,5,3,2,2,5,3,1,7,4,3,6,3,8,2,1,2,4,2,7,3,3,4,3,2,5,3,3,4,3,3,3,3,2,1,2,1,1,2,1,2,2,3,1,8,8,8,4,3,2,3,2,2,2,2,9,4,3,6,3,2,1,2,1,1,1,1,2,6,4,9,5,5,1,8,8,1,9,9,1,9,10,9,3,3,8,4,3,6,4,2,6,2,2,6,2,2,6,3,2,2,6,7,2,5,6,7,6,3,6,4,4,7,6,3,1,4,4,1,1,1,2,2,1,4,3,2,3,2,3,5,2,2,5,2,2,1,6,5,9,2,3,3,2,2,2,2,2,9,3,2,7,2,2,3,3,2,9,5,3,9,5,3,9,8,6,6,7,3,9,4,3,9,2,2,8,4,2,1,8,10,1,9,9,2,2,2,4,2,2,1,2,2,3,2,1,5,2,2,5,2,3,4,7,3,1,6,5,7,2,2,2,1,1,1,7,7,8,6,7,6,2,3,6,3,3,5,1,2,5,2,2,5,2,2,3,2,2,2,2,2,9,2,2,6,4,3,4,3,2,2,3,3,6,3,3,2,2,2,3,2,2,6,2,2,4,2,2,5,2,2,2,5,6,7,4,3,5,6,3,5,3,3,8,2,4,2,"2021-09-14 23:00:55","it was pretty interesting","to understand how we group things by association","took a while to load and start",2,"2021-09-14 23:01:02",2
87,,"2021-09-15 10:02:20",610989c60322d9a2497a828b,6141fcb732f0e3dc970d88f9,6140d2bf320df68dc96327b1,2,"2021-09-15 10:02:44",1,2,"2021-09-15 10:03:05",2,,24,1,,1,,"Benefits Processor",0,0,0,0,1,0,0,2,"2021-09-15 10:03:52",1,100,2,,2,"2021-09-15 11:05:32",,5,6,6,3,1,1,3,1,1,4,3,2,1,2,1,2,3,1,2,6,3,2,7,5,5,7,4,1,2,1,2,1,2,4,4,5,3,3,4,4,1,3,10,2,3,10,3,2,8,4,3,6,4,3,2,9,8,4,10,9,5,8,8,2,6,2,2,2,3,2,9,7,2,2,2,4,2,2,2,7,3,1,9,3,2,6,3,7,2,2,2,1,1,6,3,3,1,1,1,2,1,2,1,3,3,2,4,3,1,1,1,2,3,1,1,2,2,2,8,5,6,3,3,1,2,1,2,1,1,9,2,1,3,2,1,2,1,1,2,2,2,5,8,8,5,4,4,2,10,10,1,10,9,2,10,9,5,2,2,4,2,2,1,1,2,2,1,1,3,1,2,3,1,2,3,8,6,2,7,3,3,7,4,4,7,4,3,4,3,2,5,3,2,1,1,2,2,1,3,3,2,2,2,2,4,3,1,4,4,3,2,6,4,9,2,2,1,1,1,1,3,1,8,3,2,2,1,1,3,2,1,8,2,3,10,2,3,9,5,5,9,7,5,9,2,2,7,2,2,10,2,2,2,10,9,2,10,10,2,2,2,5,3,3,3,3,3,5,1,1,2,2,1,5,2,2,2,2,2,2,8,4,7,1,2,1,1,1,2,4,3,4,5,4,3,3,2,3,2,2,2,1,1,4,3,2,3,2,2,3,2,2,3,2,2,6,3,2,7,5,4,3,2,2,2,1,2,3,2,2,3,1,2,3,2,2,2,1,1,3,4,2,4,2,3,3,8,4,5,2,2,4,3,2,3,2,2,6,1,1,2,"2021-09-15 11:06:23","It was very long, but very thorough","It was looking for how your mind categorizes objects based on their characteristics",No,2,"2021-09-15 11:06:27",2
